name,agency_id,source,source_title,source_name,last_updated
Steve Davis,OPM,https://www.nytimes.com/interactive/2025/02/27/us/politics/doge-staff-list.html,The People Carrying Out Musk's Plans at DOGE,The New York Times,2025-04-18
Steve Davis,GSA,https://www.nytimes.com/interactive/2025/02/27/us/politics/doge-staff-list.html,The People Carrying Out Musk's Plans at DOGE,The New York Times,2025-04-18
Steve Davis,DHS,https://www.nytimes.com/interactive/2025/02/27/us/politics/doge-staff-list.html,The People Carrying Out Musk's Plans at DOGE,The New York Times,2025-04-18
Steve Davis,FEMA,https://www.nytimes.com/interactive/2025/02/27/us/politics/doge-staff-list.html,The People Carrying Out Musk's Plans at DOGE,The New York Times,2025-04-18
Brad Smith,DHS,https://www.nytimes.com/interactive/2025/02/27/us/politics/doge-staff-list.html,The People Carrying Out Musk's Plans at DOGE,The New York Times,2025-04-18
Brad Smith,FEMA,https://www.nytimes.com/interactive/2025/02/27/us/politics/doge-staff-list.html,The People Carrying Out Musk's Plans at DOGE,The New York Times,2025-04-18
Amy Gleason,CMS,https://www.nytimes.com/interactive/2025/02/27/us/politics/doge-staff-list.html,The People Carrying Out Musk's Plans at DOGE,The New York Times,2025-04-18
Amy Gleason,HHS,https://www.nytimes.com/interactive/2025/02/27/us/politics/doge-staff-list.html,The People Carrying Out Musk's Plans at DOGE,The New York Times,2025-04-18
Amy Gleason,USDS,https://www.nytimes.com/interactive/2025/02/27/us/politics/doge-staff-list.html,The People Carrying Out Musk's Plans at DOGE,The New York Times,2025-04-18
Chris Young,OPM,https://www.nytimes.com/interactive/2025/02/27/us/politics/doge-staff-list.html,The People Carrying Out Musk's Plans at DOGE,The New York Times,2025-04-18
Chris Young,CFPB,https://www.nytimes.com/interactive/2025/02/27/us/politics/doge-staff-list.html,The People Carrying Out Musk's Plans at DOGE,The New York Times,2025-04-18
Chris Young,CISA,https://www.nytimes.com/interactive/2025/02/27/us/politics/doge-staff-list.html,The People Carrying Out Musk's Plans at DOGE,The New York Times,2025-04-18
Chris Young,DHS,https://www.nytimes.com/interactive/2025/02/27/us/politics/doge-staff-list.html,The People Carrying Out Musk's Plans at DOGE,The New York Times,2025-04-18
Amanda Scales,OPM,https://www.nytimes.com/interactive/2025/02/27/us/politics/doge-staff-list.html,The People Carrying Out Musk's Plans at DOGE,The New York Times,2025-04-18
Katie Miller,DOGE,https://www.nytimes.com/interactive/2025/02/27/us/politics/doge-staff-list.html,The People Carrying Out Musk's Plans at DOGE,The New York Times,2025-04-18
Riccardo Biasini,OPM,https://www.nytimes.com/interactive/2025/02/27/us/politics/doge-staff-list.html,The People Carrying Out Musk's Plans at DOGE,The New York Times,2025-04-18
Anthony Armstrong,OPM,https://www.nytimes.com/interactive/2025/02/27/us/politics/doge-staff-list.html,The People Carrying Out Musk's Plans at DOGE,The New York Times,2025-04-18
Jennifer Balajadia,Education,https://www.nytimes.com/interactive/2025/02/27/us/politics/doge-staff-list.html,The People Carrying Out Musk's Plans at DOGE,The New York Times,2025-04-18
Adam Ramada,GSA,https://www.nytimes.com/interactive/2025/02/27/us/politics/doge-staff-list.html,The People Carrying Out Musk's Plans at DOGE,The New York Times,2025-04-18
Adam Ramada,Education,https://www.nytimes.com/interactive/2025/02/27/us/politics/doge-staff-list.html,The People Carrying Out Musk's Plans at DOGE,The New York Times,2025-04-18
Adam Ramada,DOL,https://www.nytimes.com/interactive/2025/02/27/us/politics/doge-staff-list.html,The People Carrying Out Musk's Plans at DOGE,The New York Times,2025-04-18
Brooks Morgan,Education,https://www.nytimes.com/interactive/2025/02/27/us/politics/doge-staff-list.html,The People Carrying Out Musk's Plans at DOGE,The New York Times,2025-04-18
Scott Langmack,HUD,https://www.nytimes.com/interactive/2025/02/27/us/politics/doge-staff-list.html,The People Carrying Out Musk's Plans at DOGE,The New York Times,2025-04-18
Jeremy Lewin,GSA,https://www.nytimes.com/interactive/2025/02/27/us/politics/doge-staff-list.html,The People Carrying Out Musk's Plans at DOGE,The New York Times,2025-04-18
Jeremy Lewin,State,https://www.nytimes.com/interactive/2025/02/27/us/politics/doge-staff-list.html,The People Carrying Out Musk's Plans at DOGE,The New York Times,2025-04-18
Jeremy Lewin,USAID,https://www.nytimes.com/interactive/2025/02/27/us/politics/doge-staff-list.html,The People Carrying Out Musk's Plans at DOGE,The New York Times,2025-04-18
Jeremy Lewin,CFPB,https://www.nytimes.com/interactive/2025/02/27/us/politics/doge-staff-list.html,The People Carrying Out Musk's Plans at DOGE,The New York Times,2025-04-18
Justin Fulcher,VA,https://www.nytimes.com/interactive/2025/02/27/us/politics/doge-staff-list.html,The People Carrying Out Musk's Plans at DOGE,The New York Times,2025-04-18
Michael Mirski,HUD,https://www.nytimes.com/interactive/2025/02/27/us/politics/doge-staff-list.html,The People Carrying Out Musk's Plans at DOGE,The New York Times,2025-04-18
Michael Mirski,FHFA,https://www.nytimes.com/interactive/2025/02/27/us/politics/doge-staff-list.html,The People Carrying Out Musk's Plans at DOGE,The New York Times,2025-04-18
Tyler Hassen,DOI,https://www.nytimes.com/interactive/2025/02/27/us/politics/doge-staff-list.html,The People Carrying Out Musk's Plans at DOGE,The New York Times,2025-04-18
Katrine Trampe,DOI,https://www.nytimes.com/interactive/2025/02/27/us/politics/doge-staff-list.html,The People Carrying Out Musk's Plans at DOGE,The New York Times,2025-04-18
Tarak Makecha,OPM,https://www.nytimes.com/interactive/2025/02/27/us/politics/doge-staff-list.html,The People Carrying Out Musk's Plans at DOGE,The New York Times,2025-04-18
Tarak Makecha,State,https://www.nytimes.com/interactive/2025/02/27/us/politics/doge-staff-list.html,The People Carrying Out Musk's Plans at DOGE,The New York Times,2025-04-18
Rachel Riley,HHS,https://www.nytimes.com/interactive/2025/02/27/us/politics/doge-staff-list.html,The People Carrying Out Musk's Plans at DOGE,The New York Times,2025-04-18
Conor Fennessy,Education,https://www.nytimes.com/interactive/2025/02/27/us/politics/doge-staff-list.html,The People Carrying Out Musk's Plans at DOGE,The New York Times,2025-04-18
Tom Krause,Treasury,https://www.nytimes.com/interactive/2025/02/27/us/politics/doge-staff-list.html,The People Carrying Out Musk's Plans at DOGE,The New York Times,2025-04-18
Marko Elez,Treasury,https://www.nytimes.com/interactive/2025/02/27/us/politics/doge-staff-list.html,The People Carrying Out Musk's Plans at DOGE,The New York Times,2025-04-18
Marko Elez,SSA,https://www.nytimes.com/interactive/2025/02/27/us/politics/doge-staff-list.html,The People Carrying Out Musk's Plans at DOGE,The New York Times,2025-04-18
Marko Elez,DOL,https://www.nytimes.com/interactive/2025/02/27/us/politics/doge-staff-list.html,The People Carrying Out Musk's Plans at DOGE,The New York Times,2025-04-18
Marko Elez,HHS,https://www.nytimes.com/interactive/2025/02/27/us/politics/doge-staff-list.html,The People Carrying Out Musk's Plans at DOGE,The New York Times,2025-04-18
Marko Elez,USDS,https://www.nytimes.com/interactive/2025/02/27/us/politics/doge-staff-list.html,The People Carrying Out Musk's Plans at DOGE,The New York Times,2025-04-18
Marko Elez,CBP,https://www.nytimes.com/interactive/2025/02/27/us/politics/doge-staff-list.html,The People Carrying Out Musk's Plans at DOGE,The New York Times,2025-04-18
Marko Elez,ICE,https://www.nytimes.com/interactive/2025/02/27/us/politics/doge-staff-list.html,The People Carrying Out Musk's Plans at DOGE,The New York Times,2025-04-18
Marko Elez,DHS,https://www.nytimes.com/interactive/2025/02/27/us/politics/doge-staff-list.html,The People Carrying Out Musk's Plans at DOGE,The New York Times,2025-04-18
Marko Elez,USCIS,https://www.nytimes.com/interactive/2025/02/27/us/politics/doge-staff-list.html,The People Carrying Out Musk's Plans at DOGE,The New York Times,2025-04-18
Marko Elez,TSA,https://www.nytimes.com/interactive/2025/02/27/us/politics/doge-staff-list.html,The People Carrying Out Musk's Plans at DOGE,The New York Times,2025-04-18
Ryan Wunderly,Treasury,https://www.nytimes.com/interactive/2025/02/27/us/politics/doge-staff-list.html,The People Carrying Out Musk's Plans at DOGE,The New York Times,2025-04-18
Edward Coristine,GSA,https://www.nytimes.com/interactive/2025/02/27/us/politics/doge-staff-list.html,The People Carrying Out Musk's Plans at DOGE,The New York Times,2025-04-18
Edward Coristine,USAID,https://www.nytimes.com/interactive/2025/02/27/us/politics/doge-staff-list.html,The People Carrying Out Musk's Plans at DOGE,The New York Times,2025-04-18
Edward Coristine,Education,https://www.nytimes.com/interactive/2025/02/27/us/politics/doge-staff-list.html,The People Carrying Out Musk's Plans at DOGE,The New York Times,2025-04-18
Edward Coristine,HHS,https://www.nytimes.com/interactive/2025/02/27/us/politics/doge-staff-list.html,The People Carrying Out Musk's Plans at DOGE,The New York Times,2025-04-18
Edward Coristine,USDS,https://www.nytimes.com/interactive/2025/02/27/us/politics/doge-staff-list.html,The People Carrying Out Musk's Plans at DOGE,The New York Times,2025-04-18
Edward Coristine,DHS,https://www.nytimes.com/interactive/2025/02/27/us/politics/doge-staff-list.html,The People Carrying Out Musk's Plans at DOGE,The New York Times,2025-04-18
Edward Coristine,USCIS,https://www.nytimes.com/interactive/2025/02/27/us/politics/doge-staff-list.html,The People Carrying Out Musk's Plans at DOGE,The New York Times,2025-04-18
Edward Coristine,TSA,https://www.nytimes.com/interactive/2025/02/27/us/politics/doge-staff-list.html,The People Carrying Out Musk's Plans at DOGE,The New York Times,2025-04-18
Luke Farritor,GSA,https://www.nytimes.com/interactive/2025/02/27/us/politics/doge-staff-list.html,The People Carrying Out Musk's Plans at DOGE,The New York Times,2025-04-18
Luke Farritor,USAID,https://www.nytimes.com/interactive/2025/02/27/us/politics/doge-staff-list.html,The People Carrying Out Musk's Plans at DOGE,The New York Times,2025-04-18
Luke Farritor,CDC,https://www.nytimes.com/interactive/2025/02/27/us/politics/doge-staff-list.html,The People Carrying Out Musk's Plans at DOGE,The New York Times,2025-04-18
Luke Farritor,CMS,https://www.nytimes.com/interactive/2025/02/27/us/politics/doge-staff-list.html,The People Carrying Out Musk's Plans at DOGE,The New York Times,2025-04-18
Luke Farritor,SSA,https://www.nytimes.com/interactive/2025/02/27/us/politics/doge-staff-list.html,The People Carrying Out Musk's Plans at DOGE,The New York Times,2025-04-18
Luke Farritor,Energy,https://www.nytimes.com/interactive/2025/02/27/us/politics/doge-staff-list.html,The People Carrying Out Musk's Plans at DOGE,The New York Times,2025-04-18
Luke Farritor,Education,https://www.nytimes.com/interactive/2025/02/27/us/politics/doge-staff-list.html,The People Carrying Out Musk's Plans at DOGE,The New York Times,2025-04-18
Luke Farritor,HHS,https://www.nytimes.com/interactive/2025/02/27/us/politics/doge-staff-list.html,The People Carrying Out Musk's Plans at DOGE,The New York Times,2025-04-18
Luke Farritor,USDS,https://www.nytimes.com/interactive/2025/02/27/us/politics/doge-staff-list.html,The People Carrying Out Musk's Plans at DOGE,The New York Times,2025-04-18
Luke Farritor,CFPB,https://www.nytimes.com/interactive/2025/02/27/us/politics/doge-staff-list.html,The People Carrying Out Musk's Plans at DOGE,The New York Times,2025-04-18
Luke Farritor,ICE,https://www.nytimes.com/interactive/2025/02/27/us/politics/doge-staff-list.html,The People Carrying Out Musk's Plans at DOGE,The New York Times,2025-04-18
Luke Farritor,DHS,https://www.nytimes.com/interactive/2025/02/27/us/politics/doge-staff-list.html,The People Carrying Out Musk's Plans at DOGE,The New York Times,2025-04-18
Luke Farritor,USCIS,https://www.nytimes.com/interactive/2025/02/27/us/politics/doge-staff-list.html,The People Carrying Out Musk's Plans at DOGE,The New York Times,2025-04-18
Luke Farritor,TSA,https://www.nytimes.com/interactive/2025/02/27/us/politics/doge-staff-list.html,The People Carrying Out Musk's Plans at DOGE,The New York Times,2025-04-18
Christopher Stanley,DOJ,https://www.nytimes.com/interactive/2025/02/27/us/politics/doge-staff-list.html,The People Carrying Out Musk's Plans at DOGE,The New York Times,2025-04-18
Christopher Stanley,OPM,https://www.nytimes.com/interactive/2025/02/27/us/politics/doge-staff-list.html,The People Carrying Out Musk's Plans at DOGE,The New York Times,2025-04-18
Ethan Shaotran,GSA,https://www.nytimes.com/interactive/2025/02/27/us/politics/doge-staff-list.html,The People Carrying Out Musk's Plans at DOGE,The New York Times,2025-04-18
Ethan Shaotran,SSA,https://www.nytimes.com/interactive/2025/02/27/us/politics/doge-staff-list.html,The People Carrying Out Musk's Plans at DOGE,The New York Times,2025-04-18
Ethan Shaotran,Education,https://www.nytimes.com/interactive/2025/02/27/us/politics/doge-staff-list.html,The People Carrying Out Musk's Plans at DOGE,The New York Times,2025-04-18
Ethan Shaotran,IAF,https://www.nytimes.com/interactive/2025/02/27/us/politics/doge-staff-list.html,The People Carrying Out Musk's Plans at DOGE,The New York Times,2025-04-18
Alexandra Beynon,Education,https://www.nytimes.com/interactive/2025/02/27/us/politics/doge-staff-list.html,The People Carrying Out Musk's Plans at DOGE,The New York Times,2025-04-18
Gavin Kliger,OPM,https://www.nytimes.com/interactive/2025/02/27/us/politics/doge-staff-list.html,The People Carrying Out Musk's Plans at DOGE,The New York Times,2025-04-18
Gavin Kliger,Treasury,https://www.nytimes.com/interactive/2025/02/27/us/politics/doge-staff-list.html,The People Carrying Out Musk's Plans at DOGE,The New York Times,2025-04-18
Gavin Kliger,Commerce,https://www.nytimes.com/interactive/2025/02/27/us/politics/doge-staff-list.html,The People Carrying Out Musk's Plans at DOGE,The New York Times,2025-04-18
Gavin Kliger,USAID,https://www.nytimes.com/interactive/2025/02/27/us/politics/doge-staff-list.html,The People Carrying Out Musk's Plans at DOGE,The New York Times,2025-04-18
Gavin Kliger,CFPB,https://www.nytimes.com/interactive/2025/02/27/us/politics/doge-staff-list.html,The People Carrying Out Musk's Plans at DOGE,The New York Times,2025-04-18
Gavin Kliger,IRS,https://www.nytimes.com/interactive/2025/02/27/us/politics/doge-staff-list.html,The People Carrying Out Musk's Plans at DOGE,The New York Times,2025-04-18
Gavin Kliger,DHS,https://www.nytimes.com/interactive/2025/02/27/us/politics/doge-staff-list.html,The People Carrying Out Musk's Plans at DOGE,The New York Times,2025-04-18
Gavin Kliger,USDA,https://www.nytimes.com/interactive/2025/02/27/us/politics/doge-staff-list.html,The People Carrying Out Musk's Plans at DOGE,The New York Times,2025-04-18
Gavin Kliger,TSA,https://www.nytimes.com/interactive/2025/02/27/us/politics/doge-staff-list.html,The People Carrying Out Musk's Plans at DOGE,The New York Times,2025-04-18
Jordan Wick,CFPB,https://www.nytimes.com/interactive/2025/02/27/us/politics/doge-staff-list.html,The People Carrying Out Musk's Plans at DOGE,The New York Times,2025-04-18
Aram Moghaddassi,SSA,https://www.nytimes.com/interactive/2025/02/27/us/politics/doge-staff-list.html,The People Carrying Out Musk's Plans at DOGE,The New York Times,2025-04-18
Aram Moghaddassi,Treasury,https://www.nytimes.com/interactive/2025/02/27/us/politics/doge-staff-list.html,The People Carrying Out Musk's Plans at DOGE,The New York Times,2025-04-18
Aram Moghaddassi,CBP,https://www.nytimes.com/interactive/2025/02/27/us/politics/doge-staff-list.html,The People Carrying Out Musk's Plans at DOGE,The New York Times,2025-04-18
Aram Moghaddassi,ICE,https://www.nytimes.com/interactive/2025/02/27/us/politics/doge-staff-list.html,The People Carrying Out Musk's Plans at DOGE,The New York Times,2025-04-18
Aram Moghaddassi,DHS,https://www.nytimes.com/interactive/2025/02/27/us/politics/doge-staff-list.html,The People Carrying Out Musk's Plans at DOGE,The New York Times,2025-04-18
Aram Moghaddassi,USCIS,https://www.nytimes.com/interactive/2025/02/27/us/politics/doge-staff-list.html,The People Carrying Out Musk's Plans at DOGE,The New York Times,2025-04-18
Aram Moghaddassi,TSA,https://www.nytimes.com/interactive/2025/02/27/us/politics/doge-staff-list.html,The People Carrying Out Musk's Plans at DOGE,The New York Times,2025-04-18
Cole Killian,SSA,https://www.nytimes.com/interactive/2025/02/27/us/politics/doge-staff-list.html,The People Carrying Out Musk's Plans at DOGE,The New York Times,2025-04-18
Cole Killian,EPA,https://www.nytimes.com/interactive/2025/02/27/us/politics/doge-staff-list.html,The People Carrying Out Musk's Plans at DOGE,The New York Times,2025-04-18
Greg Hogan,OPM,https://www.nytimes.com/interactive/2025/02/27/us/politics/doge-staff-list.html,The People Carrying Out Musk's Plans at DOGE,The New York Times,2025-04-18
Ryan Riedel,Energy,https://www.nytimes.com/interactive/2025/02/27/us/politics/doge-staff-list.html,The People Carrying Out Musk's Plans at DOGE,The New York Times,2025-04-18
Nate Cavanaugh,GSA,https://www.nytimes.com/interactive/2025/02/27/us/politics/doge-staff-list.html,The People Carrying Out Musk's Plans at DOGE,The New York Times,2025-04-18
Nate Cavanaugh,IAF,https://www.nytimes.com/interactive/2025/02/27/us/politics/doge-staff-list.html,The People Carrying Out Musk's Plans at DOGE,The New York Times,2025-04-18
Nikhil Rajpal,OPM,https://www.nytimes.com/interactive/2025/02/27/us/politics/doge-staff-list.html,The People Carrying Out Musk's Plans at DOGE,The New York Times,2025-04-18
Nikhil Rajpal,SSA,https://www.nytimes.com/interactive/2025/02/27/us/politics/doge-staff-list.html,The People Carrying Out Musk's Plans at DOGE,The New York Times,2025-04-18
Nikhil Rajpal,NOAA,https://www.nytimes.com/interactive/2025/02/27/us/politics/doge-staff-list.html,The People Carrying Out Musk's Plans at DOGE,The New York Times,2025-04-18
Nikhil Rajpal,CFPB,https://www.nytimes.com/interactive/2025/02/27/us/politics/doge-staff-list.html,The People Carrying Out Musk's Plans at DOGE,The New York Times,2025-04-18
Akash Bobba,OPM,https://www.nytimes.com/interactive/2025/02/27/us/politics/doge-staff-list.html,The People Carrying Out Musk's Plans at DOGE,The New York Times,2025-04-18
Akash Bobba,GSA,https://www.nytimes.com/interactive/2025/02/27/us/politics/doge-staff-list.html,The People Carrying Out Musk's Plans at DOGE,The New York Times,2025-04-18
Akash Bobba,SSA,https://www.nytimes.com/interactive/2025/02/27/us/politics/doge-staff-list.html,The People Carrying Out Musk's Plans at DOGE,The New York Times,2025-04-18
Kyle Schutt,GSA,https://www.nytimes.com/interactive/2025/02/27/us/politics/doge-staff-list.html,The People Carrying Out Musk's Plans at DOGE,The New York Times,2025-04-18
Kyle Schutt,HHS,https://www.nytimes.com/interactive/2025/02/27/us/politics/doge-staff-list.html,The People Carrying Out Musk's Plans at DOGE,The New York Times,2025-04-18
Kyle Schutt,USDS,https://www.nytimes.com/interactive/2025/02/27/us/politics/doge-staff-list.html,The People Carrying Out Musk's Plans at DOGE,The New York Times,2025-04-18
Kyle Schutt,DHS,https://www.nytimes.com/interactive/2025/02/27/us/politics/doge-staff-list.html,The People Carrying Out Musk's Plans at DOGE,The New York Times,2025-04-18
Kyle Schutt,FEMA,https://www.nytimes.com/interactive/2025/02/27/us/politics/doge-staff-list.html,The People Carrying Out Musk's Plans at DOGE,The New York Times,2025-04-18
Kyle Schutt,CBP,https://www.nytimes.com/interactive/2025/02/27/us/politics/doge-staff-list.html,The People Carrying Out Musk's Plans at DOGE,The New York Times,2025-04-18
Kyle Schutt,ICE,https://www.nytimes.com/interactive/2025/02/27/us/politics/doge-staff-list.html,The People Carrying Out Musk's Plans at DOGE,The New York Times,2025-04-18
Kyle Schutt,USCIS,https://www.nytimes.com/interactive/2025/02/27/us/politics/doge-staff-list.html,The People Carrying Out Musk's Plans at DOGE,The New York Times,2025-04-18
Kyle Schutt,TSA,https://www.nytimes.com/interactive/2025/02/27/us/politics/doge-staff-list.html,The People Carrying Out Musk's Plans at DOGE,The New York Times,2025-04-18
James Burnham,DHS,https://www.nytimes.com/interactive/2025/02/27/us/politics/doge-staff-list.html,The People Carrying Out Musk's Plans at DOGE,The New York Times,2025-04-18
James Burnham,FEMA,https://www.nytimes.com/interactive/2025/02/27/us/politics/doge-staff-list.html,The People Carrying Out Musk's Plans at DOGE,The New York Times,2025-04-18
Brian Bjelde,OPM,https://www.nytimes.com/interactive/2025/02/27/us/politics/doge-staff-list.html,The People Carrying Out Musk's Plans at DOGE,The New York Times,2025-04-18
Kendall Lindemann,USDS,https://www.nytimes.com/interactive/2025/02/27/us/politics/doge-staff-list.html,The People Carrying Out Musk's Plans at DOGE,The New York Times,2025-04-18
Stephanie Holmes,OPM,https://www.nytimes.com/interactive/2025/02/27/us/politics/doge-staff-list.html,The People Carrying Out Musk's Plans at DOGE,The New York Times,2025-04-18
Stephanie Holmes,DOI,https://www.nytimes.com/interactive/2025/02/27/us/politics/doge-staff-list.html,The People Carrying Out Musk's Plans at DOGE,The New York Times,2025-04-18
Christina Hanna,OPM,https://www.nytimes.com/interactive/2025/02/27/us/politics/doge-staff-list.html,The People Carrying Out Musk's Plans at DOGE,The New York Times,2025-04-18
Stephen Duarte,OPM,https://www.nytimes.com/interactive/2025/02/27/us/politics/doge-staff-list.html,The People Carrying Out Musk's Plans at DOGE,The New York Times,2025-04-18
Bryanne-Michelle Mlodzianowski,OPM,https://www.nytimes.com/interactive/2025/02/27/us/politics/doge-staff-list.html,The People Carrying Out Musk's Plans at DOGE,The New York Times,2025-04-18
Jacob Altik,OPM,https://www.nytimes.com/interactive/2025/02/27/us/politics/doge-staff-list.html,The People Carrying Out Musk's Plans at DOGE,The New York Times,2025-04-18
Noah Peters,OPM,https://www.nytimes.com/interactive/2025/02/27/us/politics/doge-staff-list.html,The People Carrying Out Musk's Plans at DOGE,The New York Times,2025-04-18
Austin Raynor,OPM,https://www.nytimes.com/interactive/2025/02/27/us/politics/doge-staff-list.html,The People Carrying Out Musk's Plans at DOGE,The New York Times,2025-04-18
Justin Aimonetti,GSA,https://www.nytimes.com/interactive/2025/02/27/us/politics/doge-staff-list.html,The People Carrying Out Musk's Plans at DOGE,The New York Times,2025-04-18
Justin Aimonetti,USADF,https://www.nytimes.com/interactive/2025/02/27/us/politics/doge-staff-list.html,The People Carrying Out Musk's Plans at DOGE,The New York Times,2025-04-18
Justin Aimonetti,USIP,https://www.nytimes.com/interactive/2025/02/27/us/politics/doge-staff-list.html,The People Carrying Out Musk's Plans at DOGE,The New York Times,2025-04-18
Joshua Hanley,GSA,https://www.nytimes.com/interactive/2025/02/27/us/politics/doge-staff-list.html,The People Carrying Out Musk's Plans at DOGE,The New York Times,2025-04-18
Antonio Gracias,SSA,https://www.nytimes.com/interactive/2025/02/27/us/politics/doge-staff-list.html,The People Carrying Out Musk's Plans at DOGE,The New York Times,2025-04-18
Jon Koval,SSA,https://www.nytimes.com/interactive/2025/02/27/us/politics/doge-staff-list.html,The People Carrying Out Musk's Plans at DOGE,The New York Times,2025-04-18
Jon Koval,DHS,https://www.nytimes.com/interactive/2025/02/27/us/politics/doge-staff-list.html,The People Carrying Out Musk's Plans at DOGE,The New York Times,2025-04-18
Payton Rehling,SSA,https://www.nytimes.com/interactive/2025/02/27/us/politics/doge-staff-list.html,The People Carrying Out Musk's Plans at DOGE,The New York Times,2025-04-18
Payton Rehling,DHS,https://www.nytimes.com/interactive/2025/02/27/us/politics/doge-staff-list.html,The People Carrying Out Musk's Plans at DOGE,The New York Times,2025-04-18
Payton Rehling,USCIS,https://www.nytimes.com/interactive/2025/02/27/us/politics/doge-staff-list.html,The People Carrying Out Musk's Plans at DOGE,The New York Times,2025-04-18
Payton Rehling,TSA,https://www.nytimes.com/interactive/2025/02/27/us/politics/doge-staff-list.html,The People Carrying Out Musk's Plans at DOGE,The New York Times,2025-04-18
Scott Coulter,SSA,https://www.nytimes.com/interactive/2025/02/27/us/politics/doge-staff-list.html,The People Carrying Out Musk's Plans at DOGE,The New York Times,2025-04-18
Scott Coulter,NASA,https://www.nytimes.com/interactive/2025/02/27/us/politics/doge-staff-list.html,The People Carrying Out Musk's Plans at DOGE,The New York Times,2025-04-18
Mike Russo,SSA,https://www.nytimes.com/interactive/2025/02/27/us/politics/doge-staff-list.html,The People Carrying Out Musk's Plans at DOGE,The New York Times,2025-04-18
Frank Schuler,GSA,https://www.nytimes.com/interactive/2025/02/27/us/politics/doge-staff-list.html,The People Carrying Out Musk's Plans at DOGE,The New York Times,2025-04-18
Nicole Hollander,GSA,https://www.nytimes.com/interactive/2025/02/27/us/politics/doge-staff-list.html,The People Carrying Out Musk's Plans at DOGE,The New York Times,2025-04-18
Joanna Wischer,DOGE,https://www.nytimes.com/interactive/2025/02/27/us/politics/doge-staff-list.html,The People Carrying Out Musk's Plans at DOGE,The New York Times,2025-04-18
Justin Monroe,OPM,https://www.nytimes.com/interactive/2025/02/27/us/politics/doge-staff-list.html,The People Carrying Out Musk's Plans at DOGE,The New York Times,2025-04-18
Justin Monroe,FBI,https://www.nytimes.com/interactive/2025/02/27/us/politics/doge-staff-list.html,The People Carrying Out Musk's Plans at DOGE,The New York Times,2025-04-18
Joe Gebbia,OPM,https://www.nytimes.com/interactive/2025/02/27/us/politics/doge-staff-list.html,The People Carrying Out Musk's Plans at DOGE,The New York Times,2025-04-18
Sam Corcos,Treasury,https://www.nytimes.com/interactive/2025/02/27/us/politics/doge-staff-list.html,The People Carrying Out Musk's Plans at DOGE,The New York Times,2025-04-18
Sam Corcos,IRS,https://www.nytimes.com/interactive/2025/02/27/us/politics/doge-staff-list.html,The People Carrying Out Musk's Plans at DOGE,The New York Times,2025-04-18
Michael Grimes,Commerce,https://www.nytimes.com/interactive/2025/02/27/us/politics/doge-staff-list.html,The People Carrying Out Musk's Plans at DOGE,The New York Times,2025-04-18
Scott Kupor,OPM,https://www.nytimes.com/interactive/2025/02/27/us/politics/doge-staff-list.html,The People Carrying Out Musk's Plans at DOGE,The New York Times,2025-04-18
Thomas Shedd,GSA,https://www.nytimes.com/interactive/2025/02/27/us/politics/doge-staff-list.html,The People Carrying Out Musk's Plans at DOGE,The New York Times,2025-04-18
Thomas Shedd,DOL,https://www.nytimes.com/interactive/2025/02/27/us/politics/doge-staff-list.html,The People Carrying Out Musk's Plans at DOGE,The New York Times,2025-04-18
Leland Dudek,SSA,https://www.nytimes.com/interactive/2025/02/27/us/politics/doge-staff-list.html,The People Carrying Out Musk's Plans at DOGE,The New York Times,2025-04-18
Stephen Ehikian,GSA,https://www.nytimes.com/interactive/2025/02/27/us/politics/doge-staff-list.html,The People Carrying Out Musk's Plans at DOGE,The New York Times,2025-04-18
Baris Akis,OPM,https://www.nytimes.com/interactive/2025/02/27/us/politics/doge-staff-list.html,The People Carrying Out Musk's Plans at DOGE,The New York Times,2025-04-18
Baris Akis,Treasury,https://www.nytimes.com/interactive/2025/02/27/us/politics/doge-staff-list.html,The People Carrying Out Musk's Plans at DOGE,The New York Times,2025-04-18
Baris Akis,IRS,https://www.nytimes.com/interactive/2025/02/27/us/politics/doge-staff-list.html,The People Carrying Out Musk's Plans at DOGE,The New York Times,2025-04-18
Cary Volpert,VA,https://www.nytimes.com/interactive/2025/02/27/us/politics/doge-staff-list.html,The People Carrying Out Musk's Plans at DOGE,The New York Times,2025-04-18
Sahil Lavingia,VA,https://www.nytimes.com/interactive/2025/02/27/us/politics/doge-staff-list.html,The People Carrying Out Musk's Plans at DOGE,The New York Times,2025-04-18
Christopher Roussos,VA,https://www.nytimes.com/interactive/2025/02/27/us/politics/doge-staff-list.html,The People Carrying Out Musk's Plans at DOGE,The New York Times,2025-04-18
Adam Ramada,Energy,https://www.wired.com/story/elon-musk-doge-silicon-valley-corporate-connections/,We Mapped DOGE's Silicon Valley and Corporate Connections,Wired Magazine,2025-03-28
Adam Ramada,GSA,https://www.wired.com/story/elon-musk-doge-silicon-valley-corporate-connections/,We Mapped DOGE's Silicon Valley and Corporate Connections,Wired Magazine,2025-03-28
Adam Ramada,EOP,https://www.wired.com/story/elon-musk-doge-silicon-valley-corporate-connections/,We Mapped DOGE's Silicon Valley and Corporate Connections,Wired Magazine,2025-03-28
Adam Ramada,DOL,https://www.wired.com/story/elon-musk-doge-silicon-valley-corporate-connections/,We Mapped DOGE's Silicon Valley and Corporate Connections,Wired Magazine,2025-03-28
Akash Bobba,OPM,https://www.wired.com/story/elon-musk-doge-silicon-valley-corporate-connections/,We Mapped DOGE's Silicon Valley and Corporate Connections,Wired Magazine,2025-03-28
Akash Bobba,GSA,https://www.wired.com/story/elon-musk-doge-silicon-valley-corporate-connections/,We Mapped DOGE's Silicon Valley and Corporate Connections,Wired Magazine,2025-03-28
Akash Bobba,SSA,https://www.wired.com/story/elon-musk-doge-silicon-valley-corporate-connections/,We Mapped DOGE's Silicon Valley and Corporate Connections,Wired Magazine,2025-03-28
Alexander Simonpour,NASA,https://www.wired.com/story/elon-musk-doge-silicon-valley-corporate-connections/,We Mapped DOGE's Silicon Valley and Corporate Connections,Wired Magazine,2025-03-28
Alexandra Beynon,Education,https://www.wired.com/story/elon-musk-doge-silicon-valley-corporate-connections/,We Mapped DOGE's Silicon Valley and Corporate Connections,Wired Magazine,2025-03-28
Alexandra Beynon,EOP,https://www.wired.com/story/elon-musk-doge-silicon-valley-corporate-connections/,We Mapped DOGE's Silicon Valley and Corporate Connections,Wired Magazine,2025-03-28
Amy Gleason,HHS,https://www.wired.com/story/elon-musk-doge-silicon-valley-corporate-connections/,We Mapped DOGE's Silicon Valley and Corporate Connections,Wired Magazine,2025-03-28
Amy Gleason,EOP,https://www.wired.com/story/elon-musk-doge-silicon-valley-corporate-connections/,We Mapped DOGE's Silicon Valley and Corporate Connections,Wired Magazine,2025-03-28
Anthony Armstrong,OPM,https://www.wired.com/story/elon-musk-doge-silicon-valley-corporate-connections/,We Mapped DOGE's Silicon Valley and Corporate Connections,Wired Magazine,2025-03-28
Antonio Gracias,SSA,https://www.wired.com/story/elon-musk-doge-silicon-valley-corporate-connections/,We Mapped DOGE's Silicon Valley and Corporate Connections,Wired Magazine,2025-03-28
Aram Moghaddassi,Treasury,https://www.wired.com/story/elon-musk-doge-silicon-valley-corporate-connections/,We Mapped DOGE's Silicon Valley and Corporate Connections,Wired Magazine,2025-03-28
Aram Moghaddassi,DOL,https://www.wired.com/story/elon-musk-doge-silicon-valley-corporate-connections/,We Mapped DOGE's Silicon Valley and Corporate Connections,Wired Magazine,2025-03-28
Ashley Boizelle,GSA,https://www.wired.com/story/elon-musk-doge-silicon-valley-corporate-connections/,We Mapped DOGE's Silicon Valley and Corporate Connections,Wired Magazine,2025-03-28
Ashley Boizelle,EOP,https://www.wired.com/story/elon-musk-doge-silicon-valley-corporate-connections/,We Mapped DOGE's Silicon Valley and Corporate Connections,Wired Magazine,2025-03-28
Austin Raynor,OPM,https://www.wired.com/story/elon-musk-doge-silicon-valley-corporate-connections/,We Mapped DOGE's Silicon Valley and Corporate Connections,Wired Magazine,2025-03-28
Austin Raynor,EOP,https://www.wired.com/story/elon-musk-doge-silicon-valley-corporate-connections/,We Mapped DOGE's Silicon Valley and Corporate Connections,Wired Magazine,2025-03-28
Baris Akis,OPM,https://www.wired.com/story/elon-musk-doge-silicon-valley-corporate-connections/,We Mapped DOGE's Silicon Valley and Corporate Connections,Wired Magazine,2025-03-28
Baris Akis,Treasury,https://www.wired.com/story/elon-musk-doge-silicon-valley-corporate-connections/,We Mapped DOGE's Silicon Valley and Corporate Connections,Wired Magazine,2025-03-28
Baris Akis,IRS,https://www.wired.com/story/elon-musk-doge-silicon-valley-corporate-connections/,We Mapped DOGE's Silicon Valley and Corporate Connections,Wired Magazine,2025-03-28
Brad Smith,EOP,https://www.wired.com/story/elon-musk-doge-silicon-valley-corporate-connections/,We Mapped DOGE's Silicon Valley and Corporate Connections,Wired Magazine,2025-03-28
Brad Smith,DHS,https://www.wired.com/story/elon-musk-doge-silicon-valley-corporate-connections/,We Mapped DOGE's Silicon Valley and Corporate Connections,Wired Magazine,2025-03-28
Brady Glantz,FAA,https://www.wired.com/story/elon-musk-doge-silicon-valley-corporate-connections/,We Mapped DOGE's Silicon Valley and Corporate Connections,Wired Magazine,2025-03-28
Brian Bjelde,OPM,https://www.wired.com/story/elon-musk-doge-silicon-valley-corporate-connections/,We Mapped DOGE's Silicon Valley and Corporate Connections,Wired Magazine,2025-03-28
Brooks Morgan,Education,https://www.wired.com/story/elon-musk-doge-silicon-valley-corporate-connections/,We Mapped DOGE's Silicon Valley and Corporate Connections,Wired Magazine,2025-03-28
Bryanne-Michelle Mlodzianowski,OPM,https://www.wired.com/story/elon-musk-doge-silicon-valley-corporate-connections/,We Mapped DOGE's Silicon Valley and Corporate Connections,Wired Magazine,2025-03-28
Cary Volpert,VA,https://www.wired.com/story/elon-musk-doge-silicon-valley-corporate-connections/,We Mapped DOGE's Silicon Valley and Corporate Connections,Wired Magazine,2025-03-28
Chris Young,OPM,https://www.wired.com/story/elon-musk-doge-silicon-valley-corporate-connections/,We Mapped DOGE's Silicon Valley and Corporate Connections,Wired Magazine,2025-03-28
Chris Young,CFPB,https://www.wired.com/story/elon-musk-doge-silicon-valley-corporate-connections/,We Mapped DOGE's Silicon Valley and Corporate Connections,Wired Magazine,2025-03-28
Chris Young,EOP,https://www.wired.com/story/elon-musk-doge-silicon-valley-corporate-connections/,We Mapped DOGE's Silicon Valley and Corporate Connections,Wired Magazine,2025-03-28
Christina Hanna,OPM,https://www.wired.com/story/elon-musk-doge-silicon-valley-corporate-connections/,We Mapped DOGE's Silicon Valley and Corporate Connections,Wired Magazine,2025-03-28
Christopher Stanley,OPM,https://www.wired.com/story/elon-musk-doge-silicon-valley-corporate-connections/,We Mapped DOGE's Silicon Valley and Corporate Connections,Wired Magazine,2025-03-28
Christopher Stanley,EOP,https://www.wired.com/story/elon-musk-doge-silicon-valley-corporate-connections/,We Mapped DOGE's Silicon Valley and Corporate Connections,Wired Magazine,2025-03-28
Clark Minor,HHS,https://www.wired.com/story/elon-musk-doge-silicon-valley-corporate-connections/,We Mapped DOGE's Silicon Valley and Corporate Connections,Wired Magazine,2025-03-28
Cole Killian,GSA,https://www.wired.com/story/elon-musk-doge-silicon-valley-corporate-connections/,We Mapped DOGE's Silicon Valley and Corporate Connections,Wired Magazine,2025-03-28
Cole Killian,SSA,https://www.wired.com/story/elon-musk-doge-silicon-valley-corporate-connections/,We Mapped DOGE's Silicon Valley and Corporate Connections,Wired Magazine,2025-03-28
Cole Killian,EPA,https://www.wired.com/story/elon-musk-doge-silicon-valley-corporate-connections/,We Mapped DOGE's Silicon Valley and Corporate Connections,Wired Magazine,2025-03-28
Cole Killian,DOL,https://www.wired.com/story/elon-musk-doge-silicon-valley-corporate-connections/,We Mapped DOGE's Silicon Valley and Corporate Connections,Wired Magazine,2025-03-28
Conor Fennessy,HHS,https://www.wired.com/story/elon-musk-doge-silicon-valley-corporate-connections/,We Mapped DOGE's Silicon Valley and Corporate Connections,Wired Magazine,2025-03-28
Conor Fennessy,Education,https://www.wired.com/story/elon-musk-doge-silicon-valley-corporate-connections/,We Mapped DOGE's Silicon Valley and Corporate Connections,Wired Magazine,2025-03-28
Daniel Abrahamson,DOT,https://www.wired.com/story/elon-musk-doge-silicon-valley-corporate-connections/,We Mapped DOGE's Silicon Valley and Corporate Connections,Wired Magazine,2025-03-28
Derek Geissler,DOL,https://www.wired.com/story/elon-musk-doge-silicon-valley-corporate-connections/,We Mapped DOGE's Silicon Valley and Corporate Connections,Wired Magazine,2025-03-28
Edward Coristine,OPM,https://www.wired.com/story/elon-musk-doge-silicon-valley-corporate-connections/,We Mapped DOGE's Silicon Valley and Corporate Connections,Wired Magazine,2025-03-28
Edward Coristine,USAID,https://www.wired.com/story/elon-musk-doge-silicon-valley-corporate-connections/,We Mapped DOGE's Silicon Valley and Corporate Connections,Wired Magazine,2025-03-28
Edward Coristine,Education,https://www.wired.com/story/elon-musk-doge-silicon-valley-corporate-connections/,We Mapped DOGE's Silicon Valley and Corporate Connections,Wired Magazine,2025-03-28
Edward Coristine,GSA,https://www.wired.com/story/elon-musk-doge-silicon-valley-corporate-connections/,We Mapped DOGE's Silicon Valley and Corporate Connections,Wired Magazine,2025-03-28
Edward Coristine,SBA,https://www.wired.com/story/elon-musk-doge-silicon-valley-corporate-connections/,We Mapped DOGE's Silicon Valley and Corporate Connections,Wired Magazine,2025-03-28
Erica Jehling,GSA,https://www.wired.com/story/elon-musk-doge-silicon-valley-corporate-connections/,We Mapped DOGE's Silicon Valley and Corporate Connections,Wired Magazine,2025-03-28
Erica Jehling,EPA,https://www.wired.com/story/elon-musk-doge-silicon-valley-corporate-connections/,We Mapped DOGE's Silicon Valley and Corporate Connections,Wired Magazine,2025-03-28
Ethan Shaotran,Education,https://www.wired.com/story/elon-musk-doge-silicon-valley-corporate-connections/,We Mapped DOGE's Silicon Valley and Corporate Connections,Wired Magazine,2025-03-28
Ethan Shaotran,HUD,https://www.wired.com/story/elon-musk-doge-silicon-valley-corporate-connections/,We Mapped DOGE's Silicon Valley and Corporate Connections,Wired Magazine,2025-03-28
Ethan Shaotran,GSA,https://www.wired.com/story/elon-musk-doge-silicon-valley-corporate-connections/,We Mapped DOGE's Silicon Valley and Corporate Connections,Wired Magazine,2025-03-28
Ethan Shaotran,SSA,https://www.wired.com/story/elon-musk-doge-silicon-valley-corporate-connections/,We Mapped DOGE's Silicon Valley and Corporate Connections,Wired Magazine,2025-03-28
Frank Schuler,GSA,https://www.wired.com/story/elon-musk-doge-silicon-valley-corporate-connections/,We Mapped DOGE's Silicon Valley and Corporate Connections,Wired Magazine,2025-03-28
Gavin Kliger,OPM,https://www.wired.com/story/elon-musk-doge-silicon-valley-corporate-connections/,We Mapped DOGE's Silicon Valley and Corporate Connections,Wired Magazine,2025-03-28
Gavin Kliger,USAID,https://www.wired.com/story/elon-musk-doge-silicon-valley-corporate-connections/,We Mapped DOGE's Silicon Valley and Corporate Connections,Wired Magazine,2025-03-28
Gavin Kliger,IRS,https://www.wired.com/story/elon-musk-doge-silicon-valley-corporate-connections/,We Mapped DOGE's Silicon Valley and Corporate Connections,Wired Magazine,2025-03-28
Gavin Kliger,CFPB,https://www.wired.com/story/elon-musk-doge-silicon-valley-corporate-connections/,We Mapped DOGE's Silicon Valley and Corporate Connections,Wired Magazine,2025-03-28
Greg Hogan,OPM,https://www.wired.com/story/elon-musk-doge-silicon-valley-corporate-connections/,We Mapped DOGE's Silicon Valley and Corporate Connections,Wired Magazine,2025-03-28
Jacob Altik,OPM,https://www.wired.com/story/elon-musk-doge-silicon-valley-corporate-connections/,We Mapped DOGE's Silicon Valley and Corporate Connections,Wired Magazine,2025-03-28
Jacob Altik,SSA,https://www.wired.com/story/elon-musk-doge-silicon-valley-corporate-connections/,We Mapped DOGE's Silicon Valley and Corporate Connections,Wired Magazine,2025-03-28
James Burnham,EOP,https://www.wired.com/story/elon-musk-doge-silicon-valley-corporate-connections/,We Mapped DOGE's Silicon Valley and Corporate Connections,Wired Magazine,2025-03-28
Jennifer Balajadia,Education,https://www.wired.com/story/elon-musk-doge-silicon-valley-corporate-connections/,We Mapped DOGE's Silicon Valley and Corporate Connections,Wired Magazine,2025-03-28
Jennifer Balajadia,EOP,https://www.wired.com/story/elon-musk-doge-silicon-valley-corporate-connections/,We Mapped DOGE's Silicon Valley and Corporate Connections,Wired Magazine,2025-03-28
Jeremy Lewin,OPM,https://www.wired.com/story/elon-musk-doge-silicon-valley-corporate-connections/,We Mapped DOGE's Silicon Valley and Corporate Connections,Wired Magazine,2025-03-28
Jeremy Lewin,USAID,https://www.wired.com/story/elon-musk-doge-silicon-valley-corporate-connections/,We Mapped DOGE's Silicon Valley and Corporate Connections,Wired Magazine,2025-03-28
Jeremy Lewin,CFPB,https://www.wired.com/story/elon-musk-doge-silicon-valley-corporate-connections/,We Mapped DOGE's Silicon Valley and Corporate Connections,Wired Magazine,2025-03-28
Jeremy Lewin,State,https://www.wired.com/story/elon-musk-doge-silicon-valley-corporate-connections/,We Mapped DOGE's Silicon Valley and Corporate Connections,Wired Magazine,2025-03-28
Joe Gebbia,OPM,https://www.wired.com/story/elon-musk-doge-silicon-valley-corporate-connections/,We Mapped DOGE's Silicon Valley and Corporate Connections,Wired Magazine,2025-03-28
Jon Koval,SSA,https://www.wired.com/story/elon-musk-doge-silicon-valley-corporate-connections/,We Mapped DOGE's Silicon Valley and Corporate Connections,Wired Magazine,2025-03-28
Jordan Wick,CFPB,https://www.wired.com/story/elon-musk-doge-silicon-valley-corporate-connections/,We Mapped DOGE's Silicon Valley and Corporate Connections,Wired Magazine,2025-03-28
Jordan Wick,EOP,https://www.wired.com/story/elon-musk-doge-silicon-valley-corporate-connections/,We Mapped DOGE's Silicon Valley and Corporate Connections,Wired Magazine,2025-03-28
Jordan Wick,DOL,https://www.wired.com/story/elon-musk-doge-silicon-valley-corporate-connections/,We Mapped DOGE's Silicon Valley and Corporate Connections,Wired Magazine,2025-03-28
Joshua Hanley,EOP,https://www.wired.com/story/elon-musk-doge-silicon-valley-corporate-connections/,We Mapped DOGE's Silicon Valley and Corporate Connections,Wired Magazine,2025-03-28
Justin Aimonetti,EOP,https://www.wired.com/story/elon-musk-doge-silicon-valley-corporate-connections/,We Mapped DOGE's Silicon Valley and Corporate Connections,Wired Magazine,2025-03-28
Justin Fulcher,VA,https://www.wired.com/story/elon-musk-doge-silicon-valley-corporate-connections/,We Mapped DOGE's Silicon Valley and Corporate Connections,Wired Magazine,2025-03-28
Justin Monroe,OPM,https://www.wired.com/story/elon-musk-doge-silicon-valley-corporate-connections/,We Mapped DOGE's Silicon Valley and Corporate Connections,Wired Magazine,2025-03-28
Justin Monroe,FBI,https://www.wired.com/story/elon-musk-doge-silicon-valley-corporate-connections/,We Mapped DOGE's Silicon Valley and Corporate Connections,Wired Magazine,2025-03-28
Kathryn Armstrong Loving,EPA,https://www.wired.com/story/elon-musk-doge-silicon-valley-corporate-connections/,We Mapped DOGE's Silicon Valley and Corporate Connections,Wired Magazine,2025-03-28
Katie Miller,EOP,https://www.wired.com/story/elon-musk-doge-silicon-valley-corporate-connections/,We Mapped DOGE's Silicon Valley and Corporate Connections,Wired Magazine,2025-03-28
Keenan Kmiec,EOP,https://www.wired.com/story/elon-musk-doge-silicon-valley-corporate-connections/,We Mapped DOGE's Silicon Valley and Corporate Connections,Wired Magazine,2025-03-28
Kendall Lindemann,EOP,https://www.wired.com/story/elon-musk-doge-silicon-valley-corporate-connections/,We Mapped DOGE's Silicon Valley and Corporate Connections,Wired Magazine,2025-03-28
Kyle Schutt,GSA,https://www.wired.com/story/elon-musk-doge-silicon-valley-corporate-connections/,We Mapped DOGE's Silicon Valley and Corporate Connections,Wired Magazine,2025-03-28
Luke Farritor,USAID,https://www.wired.com/story/elon-musk-doge-silicon-valley-corporate-connections/,We Mapped DOGE's Silicon Valley and Corporate Connections,Wired Magazine,2025-03-28
Luke Farritor,HHS,https://www.wired.com/story/elon-musk-doge-silicon-valley-corporate-connections/,We Mapped DOGE's Silicon Valley and Corporate Connections,Wired Magazine,2025-03-28
Luke Farritor,CFPB,https://www.wired.com/story/elon-musk-doge-silicon-valley-corporate-connections/,We Mapped DOGE's Silicon Valley and Corporate Connections,Wired Magazine,2025-03-28
Luke Farritor,Energy,https://www.wired.com/story/elon-musk-doge-silicon-valley-corporate-connections/,We Mapped DOGE's Silicon Valley and Corporate Connections,Wired Magazine,2025-03-28
Luke Farritor,Education,https://www.wired.com/story/elon-musk-doge-silicon-valley-corporate-connections/,We Mapped DOGE's Silicon Valley and Corporate Connections,Wired Magazine,2025-03-28
Luke Farritor,GSA,https://www.wired.com/story/elon-musk-doge-silicon-valley-corporate-connections/,We Mapped DOGE's Silicon Valley and Corporate Connections,Wired Magazine,2025-03-28
Luke Farritor,SSA,https://www.wired.com/story/elon-musk-doge-silicon-valley-corporate-connections/,We Mapped DOGE's Silicon Valley and Corporate Connections,Wired Magazine,2025-03-28
Marko Elez,Treasury,https://www.wired.com/story/elon-musk-doge-silicon-valley-corporate-connections/,We Mapped DOGE's Silicon Valley and Corporate Connections,Wired Magazine,2025-03-28
Marko Elez,EOP,https://www.wired.com/story/elon-musk-doge-silicon-valley-corporate-connections/,We Mapped DOGE's Silicon Valley and Corporate Connections,Wired Magazine,2025-03-28
Marko Elez,SSA,https://www.wired.com/story/elon-musk-doge-silicon-valley-corporate-connections/,We Mapped DOGE's Silicon Valley and Corporate Connections,Wired Magazine,2025-03-28
Mattieu Gamache-Asselin,HHS,https://www.wired.com/story/elon-musk-doge-silicon-valley-corporate-connections/,We Mapped DOGE's Silicon Valley and Corporate Connections,Wired Magazine,2025-03-28
Michael Grimes,Commerce,https://www.wired.com/story/elon-musk-doge-silicon-valley-corporate-connections/,We Mapped DOGE's Silicon Valley and Corporate Connections,Wired Magazine,2025-03-28
Michael Mirski,HUD,https://www.wired.com/story/elon-musk-doge-silicon-valley-corporate-connections/,We Mapped DOGE's Silicon Valley and Corporate Connections,Wired Magazine,2025-03-28
Mike Russo,SSA,https://www.wired.com/story/elon-musk-doge-silicon-valley-corporate-connections/,We Mapped DOGE's Silicon Valley and Corporate Connections,Wired Magazine,2025-03-28
Nate Cavanaugh,GSA,https://www.wired.com/story/elon-musk-doge-silicon-valley-corporate-connections/,We Mapped DOGE's Silicon Valley and Corporate Connections,Wired Magazine,2025-03-28
Nicole Hollander,GSA,https://www.wired.com/story/elon-musk-doge-silicon-valley-corporate-connections/,We Mapped DOGE's Silicon Valley and Corporate Connections,Wired Magazine,2025-03-28
Nikhil Rajpal,OPM,https://www.wired.com/story/elon-musk-doge-silicon-valley-corporate-connections/,We Mapped DOGE's Silicon Valley and Corporate Connections,Wired Magazine,2025-03-28
Nikhil Rajpal,CFPB,https://www.wired.com/story/elon-musk-doge-silicon-valley-corporate-connections/,We Mapped DOGE's Silicon Valley and Corporate Connections,Wired Magazine,2025-03-28
Nikhil Rajpal,SSA,https://www.wired.com/story/elon-musk-doge-silicon-valley-corporate-connections/,We Mapped DOGE's Silicon Valley and Corporate Connections,Wired Magazine,2025-03-28
Nikhil Rajpal,NOAA,https://www.wired.com/story/elon-musk-doge-silicon-valley-corporate-connections/,We Mapped DOGE's Silicon Valley and Corporate Connections,Wired Magazine,2025-03-28
Noah Peters,OPM,https://www.wired.com/story/elon-musk-doge-silicon-valley-corporate-connections/,We Mapped DOGE's Silicon Valley and Corporate Connections,Wired Magazine,2025-03-28
Noah Peters,EOP,https://www.wired.com/story/elon-musk-doge-silicon-valley-corporate-connections/,We Mapped DOGE's Silicon Valley and Corporate Connections,Wired Magazine,2025-03-28
Payton Rehling,SSA,https://www.wired.com/story/elon-musk-doge-silicon-valley-corporate-connections/,We Mapped DOGE's Silicon Valley and Corporate Connections,Wired Magazine,2025-03-28
Rachel Riley,HHS,https://www.wired.com/story/elon-musk-doge-silicon-valley-corporate-connections/,We Mapped DOGE's Silicon Valley and Corporate Connections,Wired Magazine,2025-03-28
Riccardo Biasini,OPM,https://www.wired.com/story/elon-musk-doge-silicon-valley-corporate-connections/,We Mapped DOGE's Silicon Valley and Corporate Connections,Wired Magazine,2025-03-28
Riley Sennott,NASA,https://www.wired.com/story/elon-musk-doge-silicon-valley-corporate-connections/,We Mapped DOGE's Silicon Valley and Corporate Connections,Wired Magazine,2025-03-28
Riley Sennott,GSA,https://www.wired.com/story/elon-musk-doge-silicon-valley-corporate-connections/,We Mapped DOGE's Silicon Valley and Corporate Connections,Wired Magazine,2025-03-28
Ryan Riedel,Energy,https://www.wired.com/story/elon-musk-doge-silicon-valley-corporate-connections/,We Mapped DOGE's Silicon Valley and Corporate Connections,Wired Magazine,2025-03-28
Ryan Wunderly,Treasury,https://www.wired.com/story/elon-musk-doge-silicon-valley-corporate-connections/,We Mapped DOGE's Silicon Valley and Corporate Connections,Wired Magazine,2025-03-28
Sam Beyda,DOL,https://www.wired.com/story/elon-musk-doge-silicon-valley-corporate-connections/,We Mapped DOGE's Silicon Valley and Corporate Connections,Wired Magazine,2025-03-28
Sam Corcos,Treasury,https://www.wired.com/story/elon-musk-doge-silicon-valley-corporate-connections/,We Mapped DOGE's Silicon Valley and Corporate Connections,Wired Magazine,2025-03-28
Sam Corcos,IRS,https://www.wired.com/story/elon-musk-doge-silicon-valley-corporate-connections/,We Mapped DOGE's Silicon Valley and Corporate Connections,Wired Magazine,2025-03-28
Sam Smeal,FAA,https://www.wired.com/story/elon-musk-doge-silicon-valley-corporate-connections/,We Mapped DOGE's Silicon Valley and Corporate Connections,Wired Magazine,2025-03-28
Scott Coulter,SSA,https://www.wired.com/story/elon-musk-doge-silicon-valley-corporate-connections/,We Mapped DOGE's Silicon Valley and Corporate Connections,Wired Magazine,2025-03-28
Scott Coulter,NASA,https://www.wired.com/story/elon-musk-doge-silicon-valley-corporate-connections/,We Mapped DOGE's Silicon Valley and Corporate Connections,Wired Magazine,2025-03-28
Scott Kupor,OPM,https://www.wired.com/story/elon-musk-doge-silicon-valley-corporate-connections/,We Mapped DOGE's Silicon Valley and Corporate Connections,Wired Magazine,2025-03-28
Scott Langmack,HUD,https://www.wired.com/story/elon-musk-doge-silicon-valley-corporate-connections/,We Mapped DOGE's Silicon Valley and Corporate Connections,Wired Magazine,2025-03-28
Stephanie Holmes,OPM,https://www.wired.com/story/elon-musk-doge-silicon-valley-corporate-connections/,We Mapped DOGE's Silicon Valley and Corporate Connections,Wired Magazine,2025-03-28
Stephanie Holmes,EOP,https://www.wired.com/story/elon-musk-doge-silicon-valley-corporate-connections/,We Mapped DOGE's Silicon Valley and Corporate Connections,Wired Magazine,2025-03-28
Stephen Duarte,OPM,https://www.wired.com/story/elon-musk-doge-silicon-valley-corporate-connections/,We Mapped DOGE's Silicon Valley and Corporate Connections,Wired Magazine,2025-03-28
Stephen Ehikian,GSA,https://www.wired.com/story/elon-musk-doge-silicon-valley-corporate-connections/,We Mapped DOGE's Silicon Valley and Corporate Connections,Wired Magazine,2025-03-28
Steve Davis,OPM,https://www.wired.com/story/elon-musk-doge-silicon-valley-corporate-connections/,We Mapped DOGE's Silicon Valley and Corporate Connections,Wired Magazine,2025-03-28
Steve Davis,GSA,https://www.wired.com/story/elon-musk-doge-silicon-valley-corporate-connections/,We Mapped DOGE's Silicon Valley and Corporate Connections,Wired Magazine,2025-03-28
Steve Davis,EOP,https://www.wired.com/story/elon-musk-doge-silicon-valley-corporate-connections/,We Mapped DOGE's Silicon Valley and Corporate Connections,Wired Magazine,2025-03-28
Tarak Makecha,OPM,https://www.wired.com/story/elon-musk-doge-silicon-valley-corporate-connections/,We Mapped DOGE's Silicon Valley and Corporate Connections,Wired Magazine,2025-03-28
Tarak Makecha,State,https://www.wired.com/story/elon-musk-doge-silicon-valley-corporate-connections/,We Mapped DOGE's Silicon Valley and Corporate Connections,Wired Magazine,2025-03-28
Ted Malaska,FAA,https://www.wired.com/story/elon-musk-doge-silicon-valley-corporate-connections/,We Mapped DOGE's Silicon Valley and Corporate Connections,Wired Magazine,2025-03-28
Thomas Kiernan,FAA,https://www.wired.com/story/elon-musk-doge-silicon-valley-corporate-connections/,We Mapped DOGE's Silicon Valley and Corporate Connections,Wired Magazine,2025-03-28
Thomas Shedd,GSA,https://www.wired.com/story/elon-musk-doge-silicon-valley-corporate-connections/,We Mapped DOGE's Silicon Valley and Corporate Connections,Wired Magazine,2025-03-28
Thomas Shedd,DOL,https://www.wired.com/story/elon-musk-doge-silicon-valley-corporate-connections/,We Mapped DOGE's Silicon Valley and Corporate Connections,Wired Magazine,2025-03-28
Tom Krause,Treasury,https://www.wired.com/story/elon-musk-doge-silicon-valley-corporate-connections/,We Mapped DOGE's Silicon Valley and Corporate Connections,Wired Magazine,2025-03-28
Tyler Hassen,DOI,https://www.wired.com/story/elon-musk-doge-silicon-valley-corporate-connections/,We Mapped DOGE's Silicon Valley and Corporate Connections,Wired Magazine,2025-03-28
Daniel Abrahamson,DOT,https://projects.propublica.org/elon-musk-doge-tracker/,Elon Musk's Demolition Crew,ProPublica,2025-04-17
Justin Aimonetti,DOGE,https://projects.propublica.org/elon-musk-doge-tracker/,Elon Musk's Demolition Crew,ProPublica,2025-04-17
Justin Aimonetti,USIP,https://projects.propublica.org/elon-musk-doge-tracker/,Elon Musk's Demolition Crew,ProPublica,2025-04-17
Justin Aimonetti,USADF,https://projects.propublica.org/elon-musk-doge-tracker/,Elon Musk's Demolition Crew,ProPublica,2025-04-17
Jacob Altik,EOP,https://projects.propublica.org/elon-musk-doge-tracker/,Elon Musk's Demolition Crew,ProPublica,2025-04-17
Jacob Altik,USADF,https://projects.propublica.org/elon-musk-doge-tracker/,Elon Musk's Demolition Crew,ProPublica,2025-04-17
Jacob Altik,IAF,https://projects.propublica.org/elon-musk-doge-tracker/,Elon Musk's Demolition Crew,ProPublica,2025-04-17
Jacob Altik,USIP,https://projects.propublica.org/elon-musk-doge-tracker/,Elon Musk's Demolition Crew,ProPublica,2025-04-17
Anthony Armstrong,OPM,https://projects.propublica.org/elon-musk-doge-tracker/,Elon Musk's Demolition Crew,ProPublica,2025-04-17
Jennifer Balajadia,EOP,https://projects.propublica.org/elon-musk-doge-tracker/,Elon Musk's Demolition Crew,ProPublica,2025-04-17
Alexandra Beynon,EOP,https://projects.propublica.org/elon-musk-doge-tracker/,Elon Musk's Demolition Crew,ProPublica,2025-04-17
Alexandra Beynon,Education,https://projects.propublica.org/elon-musk-doge-tracker/,Elon Musk's Demolition Crew,ProPublica,2025-04-17
Riccardo Biasini,OPM,https://projects.propublica.org/elon-musk-doge-tracker/,Elon Musk's Demolition Crew,ProPublica,2025-04-17
Brian Bjelde,OPM,https://projects.propublica.org/elon-musk-doge-tracker/,Elon Musk's Demolition Crew,ProPublica,2025-04-17
Akash Bobba,OPM,https://projects.propublica.org/elon-musk-doge-tracker/,Elon Musk's Demolition Crew,ProPublica,2025-04-17
Akash Bobba,SSA,https://projects.propublica.org/elon-musk-doge-tracker/,Elon Musk's Demolition Crew,ProPublica,2025-04-17
Akash Bobba,Education,https://projects.propublica.org/elon-musk-doge-tracker/,Elon Musk's Demolition Crew,ProPublica,2025-04-17
Ashley Boizelle,DOGE,https://projects.propublica.org/elon-musk-doge-tracker/,Elon Musk's Demolition Crew,ProPublica,2025-04-17
Ashley Boizelle,GSA,https://projects.propublica.org/elon-musk-doge-tracker/,Elon Musk's Demolition Crew,ProPublica,2025-04-17
Emily Bryant,FTC,https://projects.propublica.org/elon-musk-doge-tracker/,Elon Musk's Demolition Crew,ProPublica,2025-04-17
Emily Bryant,GSA,https://projects.propublica.org/elon-musk-doge-tracker/,Elon Musk's Demolition Crew,ProPublica,2025-04-17
James Burnham,EOP,https://projects.propublica.org/elon-musk-doge-tracker/,Elon Musk's Demolition Crew,ProPublica,2025-04-17
James Burnham,USIP,https://projects.propublica.org/elon-musk-doge-tracker/,Elon Musk's Demolition Crew,ProPublica,2025-04-17
Nate Cavanaugh,GSA,https://projects.propublica.org/elon-musk-doge-tracker/,Elon Musk's Demolition Crew,ProPublica,2025-04-17
Nate Cavanaugh,USADF,https://projects.propublica.org/elon-musk-doge-tracker/,Elon Musk's Demolition Crew,ProPublica,2025-04-17
Nate Cavanaugh,USIP,https://projects.propublica.org/elon-musk-doge-tracker/,Elon Musk's Demolition Crew,ProPublica,2025-04-17
Nate Cavanaugh,NEH,https://projects.propublica.org/elon-musk-doge-tracker/,Elon Musk's Demolition Crew,ProPublica,2025-04-17
Nate Cavanaugh,IMLS,https://projects.propublica.org/elon-musk-doge-tracker/,Elon Musk's Demolition Crew,ProPublica,2025-04-17
Sam Corcos,Treasury,https://projects.propublica.org/elon-musk-doge-tracker/,Elon Musk's Demolition Crew,ProPublica,2025-04-17
Sam Corcos,IRS,https://projects.propublica.org/elon-musk-doge-tracker/,Elon Musk's Demolition Crew,ProPublica,2025-04-17
Edward Coristine,OPM,https://projects.propublica.org/elon-musk-doge-tracker/,Elon Musk's Demolition Crew,ProPublica,2025-04-17
Edward Coristine,CISA,https://projects.propublica.org/elon-musk-doge-tracker/,Elon Musk's Demolition Crew,ProPublica,2025-04-17
Edward Coristine,State,https://projects.propublica.org/elon-musk-doge-tracker/,Elon Musk's Demolition Crew,ProPublica,2025-04-17
Edward Coristine,DHS,https://projects.propublica.org/elon-musk-doge-tracker/,Elon Musk's Demolition Crew,ProPublica,2025-04-17
Edward Coristine,FEMA,https://projects.propublica.org/elon-musk-doge-tracker/,Elon Musk's Demolition Crew,ProPublica,2025-04-17
Edward Coristine,SBA,https://projects.propublica.org/elon-musk-doge-tracker/,Elon Musk's Demolition Crew,ProPublica,2025-04-17
Scott Coulter,NASA,https://projects.propublica.org/elon-musk-doge-tracker/,Elon Musk's Demolition Crew,ProPublica,2025-04-17
Scott Coulter,SSA,https://projects.propublica.org/elon-musk-doge-tracker/,Elon Musk's Demolition Crew,ProPublica,2025-04-17
Steve Davis,EOP,https://projects.propublica.org/elon-musk-doge-tracker/,Elon Musk's Demolition Crew,ProPublica,2025-04-17
Steve Davis,GSA,https://projects.propublica.org/elon-musk-doge-tracker/,Elon Musk's Demolition Crew,ProPublica,2025-04-17
Stephen Duarte,OPM,https://projects.propublica.org/elon-musk-doge-tracker/,Elon Musk's Demolition Crew,ProPublica,2025-04-17
Stephen Ehikian,GSA,https://projects.propublica.org/elon-musk-doge-tracker/,Elon Musk's Demolition Crew,ProPublica,2025-04-17
Marko Elez,Treasury,https://projects.propublica.org/elon-musk-doge-tracker/,Elon Musk's Demolition Crew,ProPublica,2025-04-17
Marko Elez,SSA,https://projects.propublica.org/elon-musk-doge-tracker/,Elon Musk's Demolition Crew,ProPublica,2025-04-17
Marko Elez,CMS,https://projects.propublica.org/elon-musk-doge-tracker/,Elon Musk's Demolition Crew,ProPublica,2025-04-17
Marko Elez,HHS,https://projects.propublica.org/elon-musk-doge-tracker/,Elon Musk's Demolition Crew,ProPublica,2025-04-17
Marko Elez,DOL,https://projects.propublica.org/elon-musk-doge-tracker/,Elon Musk's Demolition Crew,ProPublica,2025-04-17
Marko Elez,DHS,https://projects.propublica.org/elon-musk-doge-tracker/,Elon Musk's Demolition Crew,ProPublica,2025-04-17
Luke Farritor,HHS,https://projects.propublica.org/elon-musk-doge-tracker/,Elon Musk's Demolition Crew,ProPublica,2025-04-17
Luke Farritor,SSA,https://projects.propublica.org/elon-musk-doge-tracker/,Elon Musk's Demolition Crew,ProPublica,2025-04-17
Luke Farritor,Energy,https://projects.propublica.org/elon-musk-doge-tracker/,Elon Musk's Demolition Crew,ProPublica,2025-04-17
Luke Farritor,State,https://projects.propublica.org/elon-musk-doge-tracker/,Elon Musk's Demolition Crew,ProPublica,2025-04-17
Luke Farritor,CDC,https://projects.propublica.org/elon-musk-doge-tracker/,Elon Musk's Demolition Crew,ProPublica,2025-04-17
Luke Farritor,CMS,https://projects.propublica.org/elon-musk-doge-tracker/,Elon Musk's Demolition Crew,ProPublica,2025-04-17
Luke Farritor,NIH,https://projects.propublica.org/elon-musk-doge-tracker/,Elon Musk's Demolition Crew,ProPublica,2025-04-17
Luke Farritor,USAID,https://projects.propublica.org/elon-musk-doge-tracker/,Elon Musk's Demolition Crew,ProPublica,2025-04-17
Luke Farritor,CFPB,https://projects.propublica.org/elon-musk-doge-tracker/,Elon Musk's Demolition Crew,ProPublica,2025-04-17
Conor Fennessy,Education,https://projects.propublica.org/elon-musk-doge-tracker/,Elon Musk's Demolition Crew,ProPublica,2025-04-17
Conor Fennessy,HHS,https://projects.propublica.org/elon-musk-doge-tracker/,Elon Musk's Demolition Crew,ProPublica,2025-04-17
Justin Fulcher,VA,https://projects.propublica.org/elon-musk-doge-tracker/,Elon Musk's Demolition Crew,ProPublica,2025-04-17
Mattieu Gamache-Asselin,HHS,https://projects.propublica.org/elon-musk-doge-tracker/,Elon Musk's Demolition Crew,ProPublica,2025-04-17
Joe Gebbia,OPM,https://projects.propublica.org/elon-musk-doge-tracker/,Elon Musk's Demolition Crew,ProPublica,2025-04-17
Brady Glantz,FAA,https://projects.propublica.org/elon-musk-doge-tracker/,Elon Musk's Demolition Crew,ProPublica,2025-04-17
Amy Gleason,DOGE,https://projects.propublica.org/elon-musk-doge-tracker/,Elon Musk's Demolition Crew,ProPublica,2025-04-17
Amy Gleason,USDS,https://projects.propublica.org/elon-musk-doge-tracker/,Elon Musk's Demolition Crew,ProPublica,2025-04-17
Antonio Gracias,SSA,https://projects.propublica.org/elon-musk-doge-tracker/,Elon Musk's Demolition Crew,ProPublica,2025-04-17
Joshua Hanley,DOGE,https://projects.propublica.org/elon-musk-doge-tracker/,Elon Musk's Demolition Crew,ProPublica,2025-04-17
Joshua Hanley,NIH,https://projects.propublica.org/elon-musk-doge-tracker/,Elon Musk's Demolition Crew,ProPublica,2025-04-17
Christina Hanna,OPM,https://projects.propublica.org/elon-musk-doge-tracker/,Elon Musk's Demolition Crew,ProPublica,2025-04-17
Tyler Hassen,DOI,https://projects.propublica.org/elon-musk-doge-tracker/,Elon Musk's Demolition Crew,ProPublica,2025-04-17
Greg Hogan,OPM,https://projects.propublica.org/elon-musk-doge-tracker/,Elon Musk's Demolition Crew,ProPublica,2025-04-17
Nicole Hollander,GSA,https://projects.propublica.org/elon-musk-doge-tracker/,Elon Musk's Demolition Crew,ProPublica,2025-04-17
Stephanie Holmes,EOP,https://projects.propublica.org/elon-musk-doge-tracker/,Elon Musk's Demolition Crew,ProPublica,2025-04-17
Stephanie Holmes,DOI,https://projects.propublica.org/elon-musk-doge-tracker/,Elon Musk's Demolition Crew,ProPublica,2025-04-17
Erica Jehling,EPA,https://projects.propublica.org/elon-musk-doge-tracker/,Elon Musk's Demolition Crew,ProPublica,2025-04-17
Erica Jehling,GSA,https://projects.propublica.org/elon-musk-doge-tracker/,Elon Musk's Demolition Crew,ProPublica,2025-04-17
Thomas Kiernan,FAA,https://projects.propublica.org/elon-musk-doge-tracker/,Elon Musk's Demolition Crew,ProPublica,2025-04-17
Cole Killian,EPA,https://projects.propublica.org/elon-musk-doge-tracker/,Elon Musk's Demolition Crew,ProPublica,2025-04-17
Cole Killian,SSA,https://projects.propublica.org/elon-musk-doge-tracker/,Elon Musk's Demolition Crew,ProPublica,2025-04-17
Cole Killian,DOL,https://projects.propublica.org/elon-musk-doge-tracker/,Elon Musk's Demolition Crew,ProPublica,2025-04-17
Gavin Kliger,USAID,https://projects.propublica.org/elon-musk-doge-tracker/,Elon Musk's Demolition Crew,ProPublica,2025-04-17
Gavin Kliger,OPM,https://projects.propublica.org/elon-musk-doge-tracker/,Elon Musk's Demolition Crew,ProPublica,2025-04-17
Gavin Kliger,CFPB,https://projects.propublica.org/elon-musk-doge-tracker/,Elon Musk's Demolition Crew,ProPublica,2025-04-17
Gavin Kliger,NIH,https://projects.propublica.org/elon-musk-doge-tracker/,Elon Musk's Demolition Crew,ProPublica,2025-04-17
Gavin Kliger,IRS,https://projects.propublica.org/elon-musk-doge-tracker/,Elon Musk's Demolition Crew,ProPublica,2025-04-17
Gavin Kliger,FTC,https://projects.propublica.org/elon-musk-doge-tracker/,Elon Musk's Demolition Crew,ProPublica,2025-04-17
Gavin Kliger,USDA,https://projects.propublica.org/elon-musk-doge-tracker/,Elon Musk's Demolition Crew,ProPublica,2025-04-17
Gavin Kliger,VOA,https://projects.propublica.org/elon-musk-doge-tracker/,Elon Musk's Demolition Crew,ProPublica,2025-04-17
Keenan Kmiec,EOP,https://projects.propublica.org/elon-musk-doge-tracker/,Elon Musk's Demolition Crew,ProPublica,2025-04-17
Jon Koval,SSA,https://projects.propublica.org/elon-musk-doge-tracker/,Elon Musk's Demolition Crew,ProPublica,2025-04-17
Jon Koval,DOGE,https://projects.propublica.org/elon-musk-doge-tracker/,Elon Musk's Demolition Crew,ProPublica,2025-04-17
Tom Krause,Treasury,https://projects.propublica.org/elon-musk-doge-tracker/,Elon Musk's Demolition Crew,ProPublica,2025-04-17
Scott Langmack,HUD,https://projects.propublica.org/elon-musk-doge-tracker/,Elon Musk's Demolition Crew,ProPublica,2025-04-17
Sahil Lavingia,VA,https://projects.propublica.org/elon-musk-doge-tracker/,Elon Musk's Demolition Crew,ProPublica,2025-04-17
Jeremy Lewin,USAID,https://projects.propublica.org/elon-musk-doge-tracker/,Elon Musk's Demolition Crew,ProPublica,2025-04-17
Jeremy Lewin,CFPB,https://projects.propublica.org/elon-musk-doge-tracker/,Elon Musk's Demolition Crew,ProPublica,2025-04-17
Jeremy Lewin,State,https://projects.propublica.org/elon-musk-doge-tracker/,Elon Musk's Demolition Crew,ProPublica,2025-04-17
Jeremy Lewin,NIH,https://projects.propublica.org/elon-musk-doge-tracker/,Elon Musk's Demolition Crew,ProPublica,2025-04-17
Jeremy Lewin,GSA,https://projects.propublica.org/elon-musk-doge-tracker/,Elon Musk's Demolition Crew,ProPublica,2025-04-17
Kendall Lindemann,EOP,https://projects.propublica.org/elon-musk-doge-tracker/,Elon Musk's Demolition Crew,ProPublica,2025-04-17
Kathryn Armstrong Loving,EPA,https://projects.propublica.org/elon-musk-doge-tracker/,Elon Musk's Demolition Crew,ProPublica,2025-04-17
Ted Malaska,FAA,https://projects.propublica.org/elon-musk-doge-tracker/,Elon Musk's Demolition Crew,ProPublica,2025-04-17
Katie Miller,EOP,https://projects.propublica.org/elon-musk-doge-tracker/,Elon Musk's Demolition Crew,ProPublica,2025-04-17
Katie Miller,DOGE,https://projects.propublica.org/elon-musk-doge-tracker/,Elon Musk's Demolition Crew,ProPublica,2025-04-17
Clark Minor,HHS,https://projects.propublica.org/elon-musk-doge-tracker/,Elon Musk's Demolition Crew,ProPublica,2025-04-17
Clark Minor,NIH,https://projects.propublica.org/elon-musk-doge-tracker/,Elon Musk's Demolition Crew,ProPublica,2025-04-17
Michael Mirski,HUD,https://projects.propublica.org/elon-musk-doge-tracker/,Elon Musk's Demolition Crew,ProPublica,2025-04-17
Bryanne-Michelle Mlodzianowski,OPM,https://projects.propublica.org/elon-musk-doge-tracker/,Elon Musk's Demolition Crew,ProPublica,2025-04-17
Aram Moghaddassi,Treasury,https://projects.propublica.org/elon-musk-doge-tracker/,Elon Musk's Demolition Crew,ProPublica,2025-04-17
Aram Moghaddassi,SSA,https://projects.propublica.org/elon-musk-doge-tracker/,Elon Musk's Demolition Crew,ProPublica,2025-04-17
Aram Moghaddassi,HHS,https://projects.propublica.org/elon-musk-doge-tracker/,Elon Musk's Demolition Crew,ProPublica,2025-04-17
Aram Moghaddassi,DOL,https://projects.propublica.org/elon-musk-doge-tracker/,Elon Musk's Demolition Crew,ProPublica,2025-04-17
Justin Monroe,FBI,https://projects.propublica.org/elon-musk-doge-tracker/,Elon Musk's Demolition Crew,ProPublica,2025-04-17
Brooks Morgan,Education,https://projects.propublica.org/elon-musk-doge-tracker/,Elon Musk's Demolition Crew,ProPublica,2025-04-17
Brooks Morgan,FDIC,https://projects.propublica.org/elon-musk-doge-tracker/,Elon Musk's Demolition Crew,ProPublica,2025-04-17
Noah Peters,OPM,https://projects.propublica.org/elon-musk-doge-tracker/,Elon Musk's Demolition Crew,ProPublica,2025-04-17
Noah Peters,EOP,https://projects.propublica.org/elon-musk-doge-tracker/,Elon Musk's Demolition Crew,ProPublica,2025-04-17
Nikhil Rajpal,OPM,https://projects.propublica.org/elon-musk-doge-tracker/,Elon Musk's Demolition Crew,ProPublica,2025-04-17
Nikhil Rajpal,SSA,https://projects.propublica.org/elon-musk-doge-tracker/,Elon Musk's Demolition Crew,ProPublica,2025-04-17
Nikhil Rajpal,CFPB,https://projects.propublica.org/elon-musk-doge-tracker/,Elon Musk's Demolition Crew,ProPublica,2025-04-17
Nikhil Rajpal,NOAA,https://projects.propublica.org/elon-musk-doge-tracker/,Elon Musk's Demolition Crew,ProPublica,2025-04-17
Adam Ramada,EOP,https://projects.propublica.org/elon-musk-doge-tracker/,Elon Musk's Demolition Crew,ProPublica,2025-04-17
Adam Ramada,DOGE,https://projects.propublica.org/elon-musk-doge-tracker/,Elon Musk's Demolition Crew,ProPublica,2025-04-17
Adam Ramada,Energy,https://projects.propublica.org/elon-musk-doge-tracker/,Elon Musk's Demolition Crew,ProPublica,2025-04-17
Adam Ramada,DOL,https://projects.propublica.org/elon-musk-doge-tracker/,Elon Musk's Demolition Crew,ProPublica,2025-04-17
Adam Ramada,Education,https://projects.propublica.org/elon-musk-doge-tracker/,Elon Musk's Demolition Crew,ProPublica,2025-04-17
Adam Ramada,GSA,https://projects.propublica.org/elon-musk-doge-tracker/,Elon Musk's Demolition Crew,ProPublica,2025-04-17
Austin Raynor,OPM,https://projects.propublica.org/elon-musk-doge-tracker/,Elon Musk's Demolition Crew,ProPublica,2025-04-17
Austin Raynor,EOP,https://projects.propublica.org/elon-musk-doge-tracker/,Elon Musk's Demolition Crew,ProPublica,2025-04-17
Payton Rehling,SSA,https://projects.propublica.org/elon-musk-doge-tracker/,Elon Musk's Demolition Crew,ProPublica,2025-04-17
Payton Rehling,USCIS,https://projects.propublica.org/elon-musk-doge-tracker/,Elon Musk's Demolition Crew,ProPublica,2025-04-17
Ryan Riedel,Energy,https://projects.propublica.org/elon-musk-doge-tracker/,Elon Musk's Demolition Crew,ProPublica,2025-04-17
Rachel Riley,HHS,https://projects.propublica.org/elon-musk-doge-tracker/,Elon Musk's Demolition Crew,ProPublica,2025-04-17
Rachel Riley,NIH,https://projects.propublica.org/elon-musk-doge-tracker/,Elon Musk's Demolition Crew,ProPublica,2025-04-17
Christopher Roussos,VA,https://projects.propublica.org/elon-musk-doge-tracker/,Elon Musk's Demolition Crew,ProPublica,2025-04-17
Mike Russo,SSA,https://projects.propublica.org/elon-musk-doge-tracker/,Elon Musk's Demolition Crew,ProPublica,2025-04-17
Amanda Scales,OPM,https://projects.propublica.org/elon-musk-doge-tracker/,Elon Musk's Demolition Crew,ProPublica,2025-04-17
Kyle Schutt,GSA,https://projects.propublica.org/elon-musk-doge-tracker/,Elon Musk's Demolition Crew,ProPublica,2025-04-17
Kyle Schutt,CISA,https://projects.propublica.org/elon-musk-doge-tracker/,Elon Musk's Demolition Crew,ProPublica,2025-04-17
Kyle Schutt,HHS,https://projects.propublica.org/elon-musk-doge-tracker/,Elon Musk's Demolition Crew,ProPublica,2025-04-17
Kyle Schutt,DHS,https://projects.propublica.org/elon-musk-doge-tracker/,Elon Musk's Demolition Crew,ProPublica,2025-04-17
Bryton Shang,NOAA,https://projects.propublica.org/elon-musk-doge-tracker/,Elon Musk's Demolition Crew,ProPublica,2025-04-17
Ethan Shaotran,GSA,https://projects.propublica.org/elon-musk-doge-tracker/,Elon Musk's Demolition Crew,ProPublica,2025-04-17
Ethan Shaotran,NOAA,https://projects.propublica.org/elon-musk-doge-tracker/,Elon Musk's Demolition Crew,ProPublica,2025-04-17
Ethan Shaotran,SSA,https://projects.propublica.org/elon-musk-doge-tracker/,Elon Musk's Demolition Crew,ProPublica,2025-04-17
Ethan Shaotran,USPS,https://projects.propublica.org/elon-musk-doge-tracker/,Elon Musk's Demolition Crew,ProPublica,2025-04-17
Ethan Shaotran,USADF,https://projects.propublica.org/elon-musk-doge-tracker/,Elon Musk's Demolition Crew,ProPublica,2025-04-17
Thomas Shedd,GSA,https://projects.propublica.org/elon-musk-doge-tracker/,Elon Musk's Demolition Crew,ProPublica,2025-04-17
Thomas Shedd,DOL,https://projects.propublica.org/elon-musk-doge-tracker/,Elon Musk's Demolition Crew,ProPublica,2025-04-17
Alexander Simonpour,GSA,https://projects.propublica.org/elon-musk-doge-tracker/,Elon Musk's Demolition Crew,ProPublica,2025-04-17
Alexander Simonpour,NASA,https://projects.propublica.org/elon-musk-doge-tracker/,Elon Musk's Demolition Crew,ProPublica,2025-04-17
Alexander Simonpour,USPS,https://projects.propublica.org/elon-musk-doge-tracker/,Elon Musk's Demolition Crew,ProPublica,2025-04-17
Sam Smeal,FAA,https://projects.propublica.org/elon-musk-doge-tracker/,Elon Musk's Demolition Crew,ProPublica,2025-04-17
Brad Smith,EOP,https://projects.propublica.org/elon-musk-doge-tracker/,Elon Musk's Demolition Crew,ProPublica,2025-04-17
Brad Smith,HHS,https://projects.propublica.org/elon-musk-doge-tracker/,Elon Musk's Demolition Crew,ProPublica,2025-04-17
Christopher Stanley,EOP,https://projects.propublica.org/elon-musk-doge-tracker/,Elon Musk's Demolition Crew,ProPublica,2025-04-17
Christopher Stanley,OPM,https://projects.propublica.org/elon-musk-doge-tracker/,Elon Musk's Demolition Crew,ProPublica,2025-04-17
Christopher Stanley,DOJ,https://projects.propublica.org/elon-musk-doge-tracker/,Elon Musk's Demolition Crew,ProPublica,2025-04-17
Katrine Trampe,DOI,https://projects.propublica.org/elon-musk-doge-tracker/,Elon Musk's Demolition Crew,ProPublica,2025-04-17
Cary Volpert,VA,https://projects.propublica.org/elon-musk-doge-tracker/,Elon Musk's Demolition Crew,ProPublica,2025-04-17
Jordan Wick,EOP,https://projects.propublica.org/elon-musk-doge-tracker/,Elon Musk's Demolition Crew,ProPublica,2025-04-17
Jordan Wick,CFPB,https://projects.propublica.org/elon-musk-doge-tracker/,Elon Musk's Demolition Crew,ProPublica,2025-04-17
Jordan Wick,NLRB,https://projects.propublica.org/elon-musk-doge-tracker/,Elon Musk's Demolition Crew,ProPublica,2025-04-17
Jordan Wick,DOL,https://projects.propublica.org/elon-musk-doge-tracker/,Elon Musk's Demolition Crew,ProPublica,2025-04-17
Jordan Wick,Education,https://projects.propublica.org/elon-musk-doge-tracker/,Elon Musk's Demolition Crew,ProPublica,2025-04-17
Ryan Wunderly,Treasury,https://projects.propublica.org/elon-musk-doge-tracker/,Elon Musk's Demolition Crew,ProPublica,2025-04-17
Chris Young,EOP,https://projects.propublica.org/elon-musk-doge-tracker/,Elon Musk's Demolition Crew,ProPublica,2025-04-17
Chris Young,CFPB,https://projects.propublica.org/elon-musk-doge-tracker/,Elon Musk's Demolition Crew,ProPublica,2025-04-17
Chris Young,USADF,https://projects.propublica.org/elon-musk-doge-tracker/,Elon Musk's Demolition Crew,ProPublica,2025-04-17
Chris Young,DHS,https://projects.propublica.org/elon-musk-doge-tracker/,Elon Musk's Demolition Crew,ProPublica,2025-04-17
Elon Musk,DOGE,https://democrats-judiciary.house.gov/uploadedfiles/2025-03-17_raskin_connolly_foia_request.pdf,FOIA request to DOGE from the House Judiciary Committee,House Judiciary Committee Democratic members,2025-03-17
Amy Gleason,DOGE,https://democrats-judiciary.house.gov/uploadedfiles/2025-03-17_raskin_connolly_foia_request.pdf,FOIA request to DOGE from the House Judiciary Committee,House Judiciary Committee Democratic members,2025-03-17
Justin Aimonetti,DOGE,https://democrats-judiciary.house.gov/uploadedfiles/2025-03-17_raskin_connolly_foia_request.pdf,FOIA request to DOGE from the House Judiciary Committee,House Judiciary Committee Democratic members,2025-03-17
Jacob Altik,DOGE,https://democrats-judiciary.house.gov/uploadedfiles/2025-03-17_raskin_connolly_foia_request.pdf,FOIA request to DOGE from the House Judiciary Committee,House Judiciary Committee Democratic members,2025-03-17
Anthony Armstrong,DOGE,https://democrats-judiciary.house.gov/uploadedfiles/2025-03-17_raskin_connolly_foia_request.pdf,FOIA request to DOGE from the House Judiciary Committee,House Judiciary Committee Democratic members,2025-03-17
Jennifer Balajadia,DOGE,https://democrats-judiciary.house.gov/uploadedfiles/2025-03-17_raskin_connolly_foia_request.pdf,FOIA request to DOGE from the House Judiciary Committee,House Judiciary Committee Democratic members,2025-03-17
Alexandra Beynon,DOGE,https://democrats-judiciary.house.gov/uploadedfiles/2025-03-17_raskin_connolly_foia_request.pdf,FOIA request to DOGE from the House Judiciary Committee,House Judiciary Committee Democratic members,2025-03-17
Riccardo Biasini,DOGE,https://democrats-judiciary.house.gov/uploadedfiles/2025-03-17_raskin_connolly_foia_request.pdf,FOIA request to DOGE from the House Judiciary Committee,House Judiciary Committee Democratic members,2025-03-17
Akash Bobba,DOGE,https://democrats-judiciary.house.gov/uploadedfiles/2025-03-17_raskin_connolly_foia_request.pdf,FOIA request to DOGE from the House Judiciary Committee,House Judiciary Committee Democratic members,2025-03-17
Ashley Boizelle,DOGE,https://democrats-judiciary.house.gov/uploadedfiles/2025-03-17_raskin_connolly_foia_request.pdf,FOIA request to DOGE from the House Judiciary Committee,House Judiciary Committee Democratic members,2025-03-17
Emily Bryant,DOGE,https://democrats-judiciary.house.gov/uploadedfiles/2025-03-17_raskin_connolly_foia_request.pdf,FOIA request to DOGE from the House Judiciary Committee,House Judiciary Committee Democratic members,2025-03-17
James Burnham,DOGE,https://democrats-judiciary.house.gov/uploadedfiles/2025-03-17_raskin_connolly_foia_request.pdf,FOIA request to DOGE from the House Judiciary Committee,House Judiciary Committee Democratic members,2025-03-17
Edward Coristine,DOGE,https://democrats-judiciary.house.gov/uploadedfiles/2025-03-17_raskin_connolly_foia_request.pdf,FOIA request to DOGE from the House Judiciary Committee,House Judiciary Committee Democratic members,2025-03-17
Steve Davis,DOGE,https://democrats-judiciary.house.gov/uploadedfiles/2025-03-17_raskin_connolly_foia_request.pdf,FOIA request to DOGE from the House Judiciary Committee,House Judiciary Committee Democratic members,2025-03-17
Marko Elez,DOGE,https://democrats-judiciary.house.gov/uploadedfiles/2025-03-17_raskin_connolly_foia_request.pdf,FOIA request to DOGE from the House Judiciary Committee,House Judiciary Committee Democratic members,2025-03-17
Luke Farritor,DOGE,https://democrats-judiciary.house.gov/uploadedfiles/2025-03-17_raskin_connolly_foia_request.pdf,FOIA request to DOGE from the House Judiciary Committee,House Judiciary Committee Democratic members,2025-03-17
Joshua Fox,DOGE,https://democrats-judiciary.house.gov/uploadedfiles/2025-03-17_raskin_connolly_foia_request.pdf,FOIA request to DOGE from the House Judiciary Committee,House Judiciary Committee Democratic members,2025-03-17
Antonio Gracias,DOGE,https://democrats-judiciary.house.gov/uploadedfiles/2025-03-17_raskin_connolly_foia_request.pdf,FOIA request to DOGE from the House Judiciary Committee,House Judiciary Committee Democratic members,2025-03-17
Joshua Hanley,DOGE,https://democrats-judiciary.house.gov/uploadedfiles/2025-03-17_raskin_connolly_foia_request.pdf,FOIA request to DOGE from the House Judiciary Committee,House Judiciary Committee Democratic members,2025-03-17
Stephanie Holmes,DOGE,https://democrats-judiciary.house.gov/uploadedfiles/2025-03-17_raskin_connolly_foia_request.pdf,FOIA request to DOGE from the House Judiciary Committee,House Judiciary Committee Democratic members,2025-03-17
Erica Jehling,DOGE,https://democrats-judiciary.house.gov/uploadedfiles/2025-03-17_raskin_connolly_foia_request.pdf,FOIA request to DOGE from the House Judiciary Committee,House Judiciary Committee Democratic members,2025-03-17
Cole Killian,DOGE,https://democrats-judiciary.house.gov/uploadedfiles/2025-03-17_raskin_connolly_foia_request.pdf,FOIA request to DOGE from the House Judiciary Committee,House Judiciary Committee Democratic members,2025-03-17
Gavin Kliger,DOGE,https://democrats-judiciary.house.gov/uploadedfiles/2025-03-17_raskin_connolly_foia_request.pdf,FOIA request to DOGE from the House Judiciary Committee,House Judiciary Committee Democratic members,2025-03-17
Keenan Kmiec,DOGE,https://democrats-judiciary.house.gov/uploadedfiles/2025-03-17_raskin_connolly_foia_request.pdf,FOIA request to DOGE from the House Judiciary Committee,House Judiciary Committee Democratic members,2025-03-17
Nicholas Lahera,DOGE,https://democrats-judiciary.house.gov/uploadedfiles/2025-03-17_raskin_connolly_foia_request.pdf,FOIA request to DOGE from the House Judiciary Committee,House Judiciary Committee Democratic members,2025-03-17
Scott Langmack,DOGE,https://democrats-judiciary.house.gov/uploadedfiles/2025-03-17_raskin_connolly_foia_request.pdf,FOIA request to DOGE from the House Judiciary Committee,House Judiciary Committee Democratic members,2025-03-17
Jeremy Lewin,DOGE,https://democrats-judiciary.house.gov/uploadedfiles/2025-03-17_raskin_connolly_foia_request.pdf,FOIA request to DOGE from the House Judiciary Committee,House Judiciary Committee Democratic members,2025-03-17
Kendall Lindemann,DOGE,https://democrats-judiciary.house.gov/uploadedfiles/2025-03-17_raskin_connolly_foia_request.pdf,FOIA request to DOGE from the House Judiciary Committee,House Judiciary Committee Democratic members,2025-03-17
Katie Miller,DOGE,https://democrats-judiciary.house.gov/uploadedfiles/2025-03-17_raskin_connolly_foia_request.pdf,FOIA request to DOGE from the House Judiciary Committee,House Judiciary Committee Democratic members,2025-03-17
Noah Peters,DOGE,https://democrats-judiciary.house.gov/uploadedfiles/2025-03-17_raskin_connolly_foia_request.pdf,FOIA request to DOGE from the House Judiciary Committee,House Judiciary Committee Democratic members,2025-03-17
Nikhil Rajpal,DOGE,https://democrats-judiciary.house.gov/uploadedfiles/2025-03-17_raskin_connolly_foia_request.pdf,FOIA request to DOGE from the House Judiciary Committee,House Judiciary Committee Democratic members,2025-03-17
Adam Ramada,DOGE,https://democrats-judiciary.house.gov/uploadedfiles/2025-03-17_raskin_connolly_foia_request.pdf,FOIA request to DOGE from the House Judiciary Committee,House Judiciary Committee Democratic members,2025-03-17
Austin Raynor,DOGE,https://democrats-judiciary.house.gov/uploadedfiles/2025-03-17_raskin_connolly_foia_request.pdf,FOIA request to DOGE from the House Judiciary Committee,House Judiciary Committee Democratic members,2025-03-17
Mike Russo,DOGE,https://democrats-judiciary.house.gov/uploadedfiles/2025-03-17_raskin_connolly_foia_request.pdf,FOIA request to DOGE from the House Judiciary Committee,House Judiciary Committee Democratic members,2025-03-17
Kyle Schutt,DOGE,https://democrats-judiciary.house.gov/uploadedfiles/2025-03-17_raskin_connolly_foia_request.pdf,FOIA request to DOGE from the House Judiciary Committee,House Judiciary Committee Democratic members,2025-03-17
Ethan Shaotran,DOGE,https://democrats-judiciary.house.gov/uploadedfiles/2025-03-17_raskin_connolly_foia_request.pdf,FOIA request to DOGE from the House Judiciary Committee,House Judiciary Committee Democratic members,2025-03-17
Brad Smith,DOGE,https://democrats-judiciary.house.gov/uploadedfiles/2025-03-17_raskin_connolly_foia_request.pdf,FOIA request to DOGE from the House Judiciary Committee,House Judiciary Committee Democratic members,2025-03-17
Christopher Stanley,DOGE,https://democrats-judiciary.house.gov/uploadedfiles/2025-03-17_raskin_connolly_foia_request.pdf,FOIA request to DOGE from the House Judiciary Committee,House Judiciary Committee Democratic members,2025-03-17
Thomas Shedd,DOGE,https://democrats-judiciary.house.gov/uploadedfiles/2025-03-17_raskin_connolly_foia_request.pdf,FOIA request to DOGE from the House Judiciary Committee,House Judiciary Committee Democratic members,2025-03-17
Jordan Wick,DOGE,https://democrats-judiciary.house.gov/uploadedfiles/2025-03-17_raskin_connolly_foia_request.pdf,FOIA request to DOGE from the House Judiciary Committee,House Judiciary Committee Democratic members,2025-03-17
Ryan Wunderly,DOGE,https://democrats-judiciary.house.gov/uploadedfiles/2025-03-17_raskin_connolly_foia_request.pdf,FOIA request to DOGE from the House Judiciary Committee,House Judiciary Committee Democratic members,2025-03-17
Chris Young,DOGE,https://democrats-judiciary.house.gov/uploadedfiles/2025-03-17_raskin_connolly_foia_request.pdf,FOIA request to DOGE from the House Judiciary Committee,House Judiciary Committee Democratic members,2025-03-17
Anthony Armstrong,OPM,https://www.bloomberg.com/features/2025-elon-musk-trump-admin-network/,The Musk Associates Running the Government,Bloomberg,2025-04-08
Antonio Gracias,DOGE,https://www.bloomberg.com/features/2025-elon-musk-trump-admin-network/,The Musk Associates Running the Government,Bloomberg,2025-04-08
Antonio Gracias,SSA,https://www.bloomberg.com/features/2025-elon-musk-trump-admin-network/,The Musk Associates Running the Government,Bloomberg,2025-04-08
Aram Moghaddassi,DOGE,https://www.bloomberg.com/features/2025-elon-musk-trump-admin-network/,The Musk Associates Running the Government,Bloomberg,2025-04-08
Aram Moghaddassi,SSA,https://www.bloomberg.com/features/2025-elon-musk-trump-admin-network/,The Musk Associates Running the Government,Bloomberg,2025-04-08
Aram Moghaddassi,HHS,https://www.bloomberg.com/features/2025-elon-musk-trump-admin-network/,The Musk Associates Running the Government,Bloomberg,2025-04-08
Aram Moghaddassi,DOL,https://www.bloomberg.com/features/2025-elon-musk-trump-admin-network/,The Musk Associates Running the Government,Bloomberg,2025-04-08
Jared Isaacman,NASA,https://www.bloomberg.com/features/2025-elon-musk-trump-admin-network/,The Musk Associates Running the Government,Bloomberg,2025-04-08
Joe Gebbia,DOGE,https://www.bloomberg.com/features/2025-elon-musk-trump-admin-network/,The Musk Associates Running the Government,Bloomberg,2025-04-08
Joe Gebbia,OPM,https://www.bloomberg.com/features/2025-elon-musk-trump-admin-network/,The Musk Associates Running the Government,Bloomberg,2025-04-08
Michael Grimes,Commerce,https://www.bloomberg.com/features/2025-elon-musk-trump-admin-network/,The Musk Associates Running the Government,Bloomberg,2025-04-08
Nicole Hollander,GSA,https://www.bloomberg.com/features/2025-elon-musk-trump-admin-network/,The Musk Associates Running the Government,Bloomberg,2025-04-08
Ryan Riedel,Energy,https://www.bloomberg.com/features/2025-elon-musk-trump-admin-network/,The Musk Associates Running the Government,Bloomberg,2025-04-08
Steve Davis,DOGE,https://www.bloomberg.com/features/2025-elon-musk-trump-admin-network/,The Musk Associates Running the Government,Bloomberg,2025-04-08
Steve Davis,SSA,https://www.bloomberg.com/features/2025-elon-musk-trump-admin-network/,The Musk Associates Running the Government,Bloomberg,2025-04-08
Thomas Shedd,GSA,https://www.bloomberg.com/features/2025-elon-musk-trump-admin-network/,The Musk Associates Running the Government,Bloomberg,2025-04-08
Thomas Shedd,DOL,https://www.bloomberg.com/features/2025-elon-musk-trump-admin-network/,The Musk Associates Running the Government,Bloomberg,2025-04-08
Adam Ramada,DOGE,https://www.bloomberg.com/features/2025-elon-musk-trump-admin-network/,The Musk Associates Running the Government,Bloomberg,2025-04-08
Adam Ramada,Education,https://www.bloomberg.com/features/2025-elon-musk-trump-admin-network/,The Musk Associates Running the Government,Bloomberg,2025-04-08
Adam Ramada,DOL,https://www.bloomberg.com/features/2025-elon-musk-trump-admin-network/,The Musk Associates Running the Government,Bloomberg,2025-04-08
Adam Ramada,Energy,https://www.bloomberg.com/features/2025-elon-musk-trump-admin-network/,The Musk Associates Running the Government,Bloomberg,2025-04-08
Alexander Simonpour,DOGE,https://www.bloomberg.com/features/2025-elon-musk-trump-admin-network/,The Musk Associates Running the Government,Bloomberg,2025-04-08
Alexander Simonpour,NASA,https://www.bloomberg.com/features/2025-elon-musk-trump-admin-network/,The Musk Associates Running the Government,Bloomberg,2025-04-08
Amanda Scales,OPM,https://www.bloomberg.com/features/2025-elon-musk-trump-admin-network/,The Musk Associates Running the Government,Bloomberg,2025-04-08
Brady Glantz,FAA,https://www.bloomberg.com/features/2025-elon-musk-trump-admin-network/,The Musk Associates Running the Government,Bloomberg,2025-04-08
Brian Bjelde,OPM,https://www.bloomberg.com/features/2025-elon-musk-trump-admin-network/,The Musk Associates Running the Government,Bloomberg,2025-04-08
Bryanne-Michelle Mlodzianowski,OPM,https://www.bloomberg.com/features/2025-elon-musk-trump-admin-network/,The Musk Associates Running the Government,Bloomberg,2025-04-08
Christina Hanna,OPM,https://www.bloomberg.com/features/2025-elon-musk-trump-admin-network/,The Musk Associates Running the Government,Bloomberg,2025-04-08
Christopher Stanley,DOGE,https://www.bloomberg.com/features/2025-elon-musk-trump-admin-network/,The Musk Associates Running the Government,Bloomberg,2025-04-08
Christopher Stanley,OPM,https://www.bloomberg.com/features/2025-elon-musk-trump-admin-network/,The Musk Associates Running the Government,Bloomberg,2025-04-08
Edward Coristine,DOGE,https://www.bloomberg.com/features/2025-elon-musk-trump-admin-network/,The Musk Associates Running the Government,Bloomberg,2025-04-08
Edward Coristine,HHS,https://www.bloomberg.com/features/2025-elon-musk-trump-admin-network/,The Musk Associates Running the Government,Bloomberg,2025-04-08
Edward Coristine,GSA,https://www.bloomberg.com/features/2025-elon-musk-trump-admin-network/,The Musk Associates Running the Government,Bloomberg,2025-04-08
Edward Coristine,USAID,https://www.bloomberg.com/features/2025-elon-musk-trump-admin-network/,The Musk Associates Running the Government,Bloomberg,2025-04-08
Edward Coristine,DHS,https://www.bloomberg.com/features/2025-elon-musk-trump-admin-network/,The Musk Associates Running the Government,Bloomberg,2025-04-08
Edward Coristine,State,https://www.bloomberg.com/features/2025-elon-musk-trump-admin-network/,The Musk Associates Running the Government,Bloomberg,2025-04-08
Edward Coristine,CISA,https://www.bloomberg.com/features/2025-elon-musk-trump-admin-network/,The Musk Associates Running the Government,Bloomberg,2025-04-08
Edward Coristine,CMS,https://www.bloomberg.com/features/2025-elon-musk-trump-admin-network/,The Musk Associates Running the Government,Bloomberg,2025-04-08
Jennifer Balajadia,DOGE,https://www.bloomberg.com/features/2025-elon-musk-trump-admin-network/,The Musk Associates Running the Government,Bloomberg,2025-04-08
Jon Koval,DOGE,https://www.bloomberg.com/features/2025-elon-musk-trump-admin-network/,The Musk Associates Running the Government,Bloomberg,2025-04-08
Jon Koval,SSA,https://www.bloomberg.com/features/2025-elon-musk-trump-admin-network/,The Musk Associates Running the Government,Bloomberg,2025-04-08
Jon Koval,VA,https://www.bloomberg.com/features/2025-elon-musk-trump-admin-network/,The Musk Associates Running the Government,Bloomberg,2025-04-08
Justin Monroe,OPM,https://www.bloomberg.com/features/2025-elon-musk-trump-admin-network/,The Musk Associates Running the Government,Bloomberg,2025-04-08
Justin Monroe,FBI,https://www.bloomberg.com/features/2025-elon-musk-trump-admin-network/,The Musk Associates Running the Government,Bloomberg,2025-04-08
Luke Farritor,DOGE,https://www.bloomberg.com/features/2025-elon-musk-trump-admin-network/,The Musk Associates Running the Government,Bloomberg,2025-04-08
Luke Farritor,HHS,https://www.bloomberg.com/features/2025-elon-musk-trump-admin-network/,The Musk Associates Running the Government,Bloomberg,2025-04-08
Luke Farritor,GSA,https://www.bloomberg.com/features/2025-elon-musk-trump-admin-network/,The Musk Associates Running the Government,Bloomberg,2025-04-08
Luke Farritor,Energy,https://www.bloomberg.com/features/2025-elon-musk-trump-admin-network/,The Musk Associates Running the Government,Bloomberg,2025-04-08
Luke Farritor,CFPB,https://www.bloomberg.com/features/2025-elon-musk-trump-admin-network/,The Musk Associates Running the Government,Bloomberg,2025-04-08
Marko Elez,DOGE,https://www.bloomberg.com/features/2025-elon-musk-trump-admin-network/,The Musk Associates Running the Government,Bloomberg,2025-04-08
Marko Elez,SSA,https://www.bloomberg.com/features/2025-elon-musk-trump-admin-network/,The Musk Associates Running the Government,Bloomberg,2025-04-08
Marko Elez,HHS,https://www.bloomberg.com/features/2025-elon-musk-trump-admin-network/,The Musk Associates Running the Government,Bloomberg,2025-04-08
Marko Elez,DOL,https://www.bloomberg.com/features/2025-elon-musk-trump-admin-network/,The Musk Associates Running the Government,Bloomberg,2025-04-08
Marko Elez,Treasury,https://www.bloomberg.com/features/2025-elon-musk-trump-admin-network/,The Musk Associates Running the Government,Bloomberg,2025-04-08
Payton Rehling,DOGE,https://www.bloomberg.com/features/2025-elon-musk-trump-admin-network/,The Musk Associates Running the Government,Bloomberg,2025-04-08
Payton Rehling,SSA,https://www.bloomberg.com/features/2025-elon-musk-trump-admin-network/,The Musk Associates Running the Government,Bloomberg,2025-04-08
Payton Rehling,VA,https://www.bloomberg.com/features/2025-elon-musk-trump-admin-network/,The Musk Associates Running the Government,Bloomberg,2025-04-08
Payton Rehling,USCIS,https://www.bloomberg.com/features/2025-elon-musk-trump-admin-network/,The Musk Associates Running the Government,Bloomberg,2025-04-08
Riccardo Biasini,OPM,https://www.bloomberg.com/features/2025-elon-musk-trump-admin-network/,The Musk Associates Running the Government,Bloomberg,2025-04-08
Stephen Duarte,OPM,https://www.bloomberg.com/features/2025-elon-musk-trump-admin-network/,The Musk Associates Running the Government,Bloomberg,2025-04-08
Thomas Kiernan,FAA,https://www.bloomberg.com/features/2025-elon-musk-trump-admin-network/,The Musk Associates Running the Government,Bloomberg,2025-04-08
Ted Malaska,FAA,https://www.bloomberg.com/features/2025-elon-musk-trump-admin-network/,The Musk Associates Running the Government,Bloomberg,2025-04-08
