date,agency,acronym,event,source
2024-12-30,US Digital Service/Department of Government Efficiency,USDS/DOGE,"Amy Gleason joins the USDS, according to her sworn testimony.",https://www.documentcloud.org/documents/25564597-crewvdogereconmot031425/
2025-01-20,Office of Personnel Management,OPM,Acting OPM Director Charles Ezell replaces existing CIO Melvin Brown with Greg Hogan,https://www.muskwatch.com/p/musk-associates-given-unfettered
2025-01-20,Office of Personnel Management,OPM,"The DOGE team moves into OPM, installing sofa beds and armed security",https://www.reuters.com/world/us/musk-aides-lock-government-workers-out-computer-systems-us-agency-sources-say-2025-01-31/
2025-01-20,US Digital Service/Department of Government Efficiency,USDS/DOGE,"An Inauguration Day executive order renames the US Digital Services and establishes the DOGE Temporary Organization within it, staffed with 4-person teams in agencies for ""implementing the president's DOGE agenda""",https://www.whitehouse.gov/presidential-actions/2025/01/establishing-and-implementing-the-presidents-department-of-government-efficiency/
2025-01-20,US Digital Service/Department of Government Efficiency,USDS/DOGE,"In another executive order, Trump declares a hiring freeze and that DOGE will work with OMB and OPM to submit a plan to reduce the size of the government within 90 days",https://www.whitehouse.gov/presidential-actions/2025/01/hiring-freeze/
2025-01-20,US Digital Service/Department of Government Efficiency,USDS/DOGE,USDS is transferred out of the Office of Management and Budget (OMB) and established a standalone office in the Executive Office of the President,https://www.documentcloud.org/documents/25564597-crewvdogereconmot031425/
2025-01-20,US Digital Service/Department of Government Efficiency,USDS/DOGE,USDS/DOGE named as defendant in new lawsuit Public Citizen Inc et al v. Donald J. Trump and Office of Management and Budget (D.D.C.) (Case No 1:25-cv-00164),https://www.courtlistener.com/docket/69559444/public-citizen-inc-v-trump/
2025-01-20,US Digital Service/Department of Government Efficiency,USDS/DOGE,USDS/DOGE named as defendant in new lawsuit Center for Biological Diversity v. Office of Management and Budget (D.D.C.) (Case No 1:25-cv-00165),https://www.courtlistener.com/docket/69559509/center-for-biological-diversity-v-office-of-management-and-budget/
2025-01-21,Department of the Treasury,Treasury,Marko Elez starts at the Treasury Department and is granted full read-write access to systems,https://fedscoop.com/treasury-payments-systems-doge-judge-ruling/
2025-01-21,US Digital Service/Department of Government Efficiency,USDS/DOGE,"DOGE staff start screening all USDS staff in interviews, asking them their views of DOGE and who were underperformers who should be fired.",https://www.wired.com/story/elon-musk-digital-coup-doge-data-ai/
2025-01-23,Department of the Treasury,Treasury,Thomas Krause starts at the Treasury Department,https://fedscoop.com/treasury-payments-systems-doge-judge-ruling/
2025-01-23,Office of Personnel Management,OPM,OPM sends out a first test email from its new government-wide email system,https://www.cbsnews.com/news/trump-administration-confuses-government-workers-email-test-message/
2025-01-24,Commerce Department,Commerce,Commerce Department Inspector General is fired in a late-night purge,https://www.nytimes.com/interactive/2025/02/11/us/politics/trump-musk-doge-federal-workers.html
2025-01-24,Department of Agriculture,USDA,Trump fires the USDA Inspector General in a late-night purge,https://www.nytimes.com/interactive/2025/02/11/us/politics/trump-musk-doge-federal-workers.html
2025-01-24,Department of Defense,DoD,Trump fires the DoD Inspector General in a late-night purge,https://www.nytimes.com/interactive/2025/02/11/us/politics/trump-musk-doge-federal-workers.html
2025-01-24,Department of Education,ED,Trump fires the Inspector General for the Department of Education in a late-night purge,https://www.nytimes.com/interactive/2025/02/11/us/politics/trump-musk-doge-federal-workers.html
2025-01-24,Department of Energy,DOE,Trump fires the Inspector General for the Department of Energy in a late-night purge,https://www.nytimes.com/interactive/2025/02/11/us/politics/trump-musk-doge-federal-workers.html
2025-01-24,Department of Labor,DOL,Trump fires the Inspector General for the Department of Labor in a late-night purge,https://www.nytimes.com/interactive/2025/02/11/us/politics/trump-musk-doge-federal-workers.html
2025-01-24,Department of the Treasury,Treasury,Treasury Chief of Staff Dan Katz sends an email stating that DOGE staff need to be given access to pause USAID payments,https://www.nytimes.com/2025/02/06/us/politics/trump-musk-usaid.html
2025-01-24,Department of the Treasury,Treasury,Trump fires the Inspector General for the Department of the Treasury in a late-night purge,https://www.nytimes.com/interactive/2025/02/11/us/politics/trump-musk-doge-federal-workers.html
2025-01-24,Environmental Protection Agency,EPA,Trump fires the EPA Inspector General in a late-night purge,https://www.nytimes.com/interactive/2025/02/11/us/politics/trump-musk-doge-federal-workers.html
2025-01-24,Health and Human Services,HHS,Trump fires the HHS Inspector General in a late-night purge,https://www.nytimes.com/interactive/2025/02/11/us/politics/trump-musk-doge-federal-workers.html
2025-01-24,Office of Personnel Management,OPM,Trump fires the OPM Inspector General in a late-night purge,https://www.nytimes.com/interactive/2025/02/11/us/politics/trump-musk-doge-federal-workers.html
2025-01-24,Small Business Administration,SBA,Trump fires the SBA Inspector General in a late-night purge,https://www.nytimes.com/interactive/2025/02/11/us/politics/trump-musk-doge-federal-workers.html
2025-01-26,Housing and Urban Development,HUD,"Spurred by rumors there would be a funding freeze, HUD grantees drew their funds early at 5x normal rate or $1.5 billion",https://www.wired.com/story/elon-musk-digital-coup-doge-data-ai/
2025-01-26,Office of Personnel Management,OPM,OPM sends a second test email from its new government-wide email system to all government employees,https://storage.courtlistener.com/recap/gov.uscourts.dcd.276820/gov.uscourts.dcd.276820.1.0.pdf
2025-01-27,Office of Personnel Management,OPM,A member of the OPM union posts a Reddit message reportedly from an OPM employee stating that the email server is a piece of outside equipment and the goal is to generate lists of all govt employees to send massive firing notices later.,https://storage.courtlistener.com/recap/gov.uscourts.dcd.276820/gov.uscourts.dcd.276820.1.0.pdf
2025-01-27,Office of Personnel Management,OPM,Two anonymous federal employees file a class action lawsuit against OPM for launching the new email system without conducting a Privacy Impact Assessment for the new system,https://storage.courtlistener.com/recap/gov.uscourts.dcd.276820/gov.uscourts.dcd.276820.1.0_2.pdf
2025-01-27,Office of Personnel Management,OPM,OPM named as defendant in new lawsuit Jane Does 1-2 v. Office of Personnel Management (D.D.C.) (Case No 1:25-cv-00234),https://www.courtlistener.com/docket/69582338/doe-v-office-of-personnel-management/
2025-01-28,Department of Education,ED,"According to his sworn testimony, Adam Ramada started working at the Department of Education on this date. He says there is one other USDS staffer with him, two other detailees and two DOE staffers.",https://storage.courtlistener.com/recap/gov.uscourts.dcd.277216/gov.uscourts.dcd.277216.16.1.pdf
2025-01-28,Department of the Interior,DOI,Two DOGE staffers attempted to force water pumps to be turned on in a large reservoir in California for a photo op,https://www.cnn.com/2025/03/07/climate/trump-doge-california-water/index.html
2025-01-28,Office of Personnel Management,OPM,"OPM sends out the ""Fork in the Road"" email to all federal employees offering them a chance to resign",https://www.wired.com/story/doge-hr-elon-musk-resignation-fork-road-leaked-staff-meeting/
2025-01-30,Social Security Administration,SSA,"Leland Dudek reaches out to Tiffany Flick, the Associate Director of Budget, Facilities and Security to inform her two DOGE staff would be onboarding. He was a mid-level employee at the time.",https://www.washingtonpost.com/documents/e08aeb0c-ec70-4235-91a0-290da92067b5.pdf?itid=lk_inline_manual_5
2025-01-31,Office of Personnel Management,OPM,Federal employees at OPM are locked out of access to key systems by DOGE and OPM leadership,https://www.reuters.com/world/us/musk-aides-lock-government-workers-out-computer-systems-us-agency-sources-say-2025-01-31/
2025-01-31,Social Security Administration,SSA,"Mike Russo begins onboarding as new CIO, introduces himself as a DOGE representative to staff",https://www.washingtonpost.com/documents/e08aeb0c-ec70-4235-91a0-290da92067b5.pdf?itid=lk_inline_manual_5
2025-02-03,Department of Education,ED,"Twenty DOGE staff are in the agency and ""have gained access to multiple sensitive internal systems, the people said, including a financial aid dataset that contains the personal information for millions of students enrolled in the federal student aid program.""",https://www.washingtonpost.com/education/2025/02/03/trump-education-department-dismantling-executive-order-draft/
2025-02-03,Department of the Treasury,Treasury,Treasury named as defendant in new lawsuit Alliance for Retired Americans v. Scott Bessent et al (D.D.C.) (Case No 1:25-cv-00313),https://www.courtlistener.com/docket/69607077/alliance-for-retired-americans-v-bessent/
2025-02-03,Small Business Administration,SBA,"Email to SBA staff announces that Edward Coristine was granted access to all systems including HR, contract, and payment systems.",https://breakingthenews.net/Article/DOGE-gains-access-to-SBA-systems-amid-data-privacy-fears/63463801
2025-02-03,Small Business Administration,SBA,Democrats on the House Committee on Small Business send a letter requesting details on DOGE's operations at SBA,https://democrats-smallbusiness.house.gov/uploadedfiles/letter_to_sba_system_access_feb._3_2025_final12.pdf
2025-02-03,Social Security Administration,SSA,"Mike Russo officially joins the agency as its new CIO, requests Akash Bobba to join the agency (but he has issues with his background check)",https://www.washingtonpost.com/documents/e08aeb0c-ec70-4235-91a0-290da92067b5.pdf?itid=lk_inline_manual_5
2025-02-04,Department of Labor,DOL,"DOL staff reportedly ordered ""to give DOGE access to whatever they ask for—or risk termination""",https://bsky.app/profile/kimkelly.bsky.social/post/3lhf2owbxc22b
2025-02-04,Department of the Treasury,Treasury,Treasury Secretary Scott Bessent writes a letter to Congress about Scott Krause having read-only access but doesn't mention Marko Elez,https://www.wired.com/story/elon-musk-digital-coup-doge-data-ai/
2025-02-04,Environmental Protection Agency,EPA,"Gauiter ""Cole"" Killian appears in an EPA internal directory as a ""Federal Detailee""",https://www.eenews.net/articles/doge-aide-pops-up-in-epa-staff-directory/
2025-02-04,National Oceanic and Atmospheric Administration,NOAA,DOGE staff enter NOAA facilities,https://www.axios.com/2025/02/04/trump-nominates-noaa-head-neil-jacobs
2025-02-04,Office of Personnel Management,OPM,"OPM named as defendant in new lawsuit American Federation of Gov’t Employees, AFL-CIO v. Ezell (D. Mass) (Case No 1:25-cv-10276)",https://www.courtlistener.com/docket/69610323/american-federation-of-government-employees-afl-cio-v-ezell/
2025-02-05,Centers for Medicare and Medicaid Services,CMS,DOGE staff reported with agency buildings with access to certain systems,https://www.wsj.com/politics/elon-musk-doge-medicare-medicaid-fraud-e697b162
2025-02-05,Commerce Department,Commerce,DOGE staff enters the Commerce Department,https://www.govexec.com/management/2025/02/doge-enters-noaa-accesses-it-systems-and-removes-top-hr-official/402776/
2025-02-05,Department of Energy,DOE,Luke Farritor was granted access to the Energy Department's IT system on Wednesday by Energy Secretary Chris Wright over objections from agency security staff,https://www.cnn.com/2025/02/06/climate/doge-energy-department-trump/index.html
2025-02-05,Department of Labor,DOL,DOGE staff are given access to the Department of Labor IT systems,https://www.theguardian.com/us-news/2025/feb/05/elon-musk-doge-labor-department-protest
2025-02-05,Department of Labor,DOL,DOL named as defendant in new lawsuit AFL-CIO v. Dep’t of Labor (D.D.C.) (Case No 1:25-cv-00339),https://www.courtlistener.com/docket/69613359/american-federation-of-labor-and-congress-of-industrial-organizations-v/
2025-02-05,Federal Aviation Administration,FAA,Elon Musk promises that DOGE will make rapid upgrades to airline systems after outage of NOTAM alerting system,https://www.nytimes.com/2025/02/05/us/politics/elon-musk-doge-faa.html
2025-02-05,Federal Emergency Management Agency,FEMA,Edward Coristine is given a FEMA badge and onboarded into the agency,https://www.washingtonpost.com/climate-environment/2025/02/07/musk-trump-fema-doge/
2025-02-05,National Oceanic and Atmospheric Administration,NOAA,"NOAA employees were ordered to grant Rajpal editor access to all NOAA Google sites on instructions of the acting commerce secretary, Jeremy Pelter, by the close of business.",https://www.wired.com/story/doge-engineer-noaa-data-google-musk-climate-project-2025/
2025-02-05,Office of Personnel Management,OPM,OPM attests the government-wide email system runs on agency systems,https://www.msn.com/en-us/news/us/controversial-opm-email-server-operates-entirely-on-government-computers-agency-says/ar-AA1yujjr
2025-02-05,Office of Personnel Management,OPM,"OPM issues a Privacy Impact Assessment for its Government-Wide Email System (GWES) that states responses are voluntary, brief and do not include identifying information",https://fedscoop.com/wp-content/uploads/sites/5/2025/03/2025-02-05_-_11-1_-_D_-_Ex._A_-_PIA.pdf
2025-02-06,Centers for Disease Control and Prevention,CDC,DOGE staff arrive at CDC HQ in Atlanta,https://www.fox5atlanta.com/news/elon-musks-doge-team-visits-cdc-atlanta-reports-say
2025-02-06,Consumer Financial Protection Bureau,CFPB,DOGE staff enter CFPB facilities and are given equipment and onboarded,https://www.wired.com/story/doge-access-consumer-financial-protection-bureau-data/
2025-02-06,Department of Education,ED,The Washington Post reports that DOGE is feeding Department of Education data into an AI system hosted in Microsoft Azure,https://www.washingtonpost.com/nation/2025/02/06/elon-musk-doge-ai-department-education/
2025-02-06,Department of the Treasury,Treasury,Judge Colleen Kollar-Kotelly rules that DOGE should only be granted read access to government systems,https://storage.courtlistener.com/recap/gov.uscourts.dcd.277055/gov.uscourts.dcd.277055.12.1_1.pdf
2025-02-06,Department of the Treasury,Treasury,Marko Elez was discovered to inappropriately have read-write access on his laptop,https://www.emptywheel.net/2025/02/12/marko-elez-resigned-the-day-his-write-access-to-payment-systems-was-discovered/
2025-02-06,Department of the Treasury,Treasury,Marko Elez resigns allegedly after past racist tweets are revealed (but also same day as being discovered with write access),https://www.npr.org/2025/02/06/nx-s1-5289337/elon-musk-doge-treasury
2025-02-06,Office of Personnel Management,OPM,DOGE member and lawyer Jacob Altik joins the case for the defense,https://fedscoop.com/doge-lawyer-opm-email-lawsuit-jacob-altik/
2025-02-06,Office of Personnel Management,OPM,The court dismisses the motion for a temporary restraining order against the OPM email system since there is now a PIA,https://storage.courtlistener.com/recap/gov.uscourts.dcd.276820/gov.uscourts.dcd.276820.1.0.pdf
2025-02-06,Office of Personnel Management,OPM,OPM named as defendant in new lawsuit Government Accountability Project v. Office of Personnel Management (D.D.C.) (Case No 1:25-cv-00347),https://www.courtlistener.com/docket/69617919/government-accountability-project-v-united-states-office-of-personnel/
2025-02-07,Consumer Financial Protection Bureau,CFPB,"DOGE staff are granted read-only access to the HR, PRISM, and Discoverer systems",https://www.wired.com/story/doge-access-consumer-financial-protection-bureau-data/
2025-02-07,Consumer Financial Protection Bureau,CFPB,"Elon Musk posts a tweet ""CFPB RIP"" with a tombstone emoji",https://news.bloomberglaw.com/banking-law/musks-doge-descends-on-consumer-financial-protection-bureau
2025-02-07,Consumer Financial Protection Bureau,CFPB,DOGE staff are given full privileged access to CFPB systems without completing training or agreeing to CFPB's acceptable use policy for IT systems,https://storage.courtlistener.com/recap/gov.uscourts.dcd.277287/gov.uscourts.dcd.277287.38.5.pdf
2025-02-07,Consumer Financial Protection Bureau,CFPB,The CFPB homepage is deleted and returns a 404 error,https://www.forbes.com/sites/eriksherman/2025/02/09/consumer-financial-protection-bureau-adds-error-message-to-home-page/
2025-02-07,Department of Education,ED,ED named as defendant in new lawsuit University of California Student Assn. v. Carter et al (Case No 1:25-cv-00354),https://www.courtlistener.com/docket/69620025/university-of-california-student-association-v-carter/
2025-02-07,Department of Energy,DOE,"Ryan Riedel, a SpaceX network security engineer with 4 years of experience, is named the CIO for the agency",https://www.aol.com/trump-energy-secretary-allowed-23-003504452.html
2025-02-07,Department of Energy,DOE,Sources indicate that 3 unidentified DOGE personnel are working at the Department of Energy,https://www.reuters.com/world/us/three-doge-members-raise-access-concerns-us-energy-department-sources-say-2025-02-07/
2025-02-07,Department of the Treasury,Treasury,Treasury named as defendant in new lawsuit New York et al v. Donald J. Trump (S.D.N.Y.) (Case No 1:25-cv-01144-JAV),https://www.courtlistener.com/docket/69623558/state-of-new-york-v-donald-j-trump/
2025-02-07,Environmental Protection Agency,EPA,168 employees who worked on environmental justice are placed on indefinite administrative leave,https://subscriber.politicopro.com/article/eenews/2025/02/07/epas-environmental-justice-office-in-tatters-00203091
2025-02-07,Occupational Safety and Health Administration,OSHA,A lawsuit filed by multiple labor organization (and others) alleged that DOGE wants to access whistleblower information at OSHA,https://www.workerscompensation.com/daily-headlines/questions-concerns-over-doge-musk-access-at-dol/
2025-02-08,Department of Education,ED,NBC News reports that Akash Bobba and Ethan Shaotran have admin access to email and had also accessed the website backend,https://www.nbcnews.com/news/us-news/elon-musk-doge-team-education-department-rcna191244
2025-02-08,Department of Homeland Security,DHS,DOGE social media account on X boasts about deleting a DHS page of LGBTQI+ resources,https://www.newsweek.com/doge-account-calls-attention-removing-lgbtq-web-page-2028440
2025-02-09,Consumer Financial Protection Bureau,CFPB,CFPB named as defendant in new lawsuit National Treasury Employees Union v. Russell Vought (D.D.C.) (Case No 1:25-cv-00380),https://www.courtlistener.com/docket/69624412/national-treasury-employees-union-v-vought/
2025-02-09,Consumer Financial Protection Bureau,CFPB,CFPB named as defendant in new lawsuit National Treasury Employees Union v. Russell Vought (D.D.C.) (Case No 1:25-cv-00381),https://www.courtlistener.com/docket/69624423/national-treasury-employees-union-v-vought/
2025-02-10,Department of Education,ED,ED named as defendant in new lawsuit American Federation of Teachers et al v. Bessent et al (D. Md.) (Case No 8:25-cv-00430),https://www.courtlistener.com/docket/69627648/american-federation-of-teachers-v-scott-bessent/
2025-02-10,Department of Homeland Security,DHS,"Edward Coristine appears in a DHS directory as a ""senior advisor""",https://www.washingtonpost.com/business/2025/02/10/musk-doge-state-department-surrogate/
2025-02-10,Department of the Treasury,Treasury,Affadavit states a BFS payment was presented to State Department to not process after review by DOGE,https://www.washingtonpost.com/business/2025/02/11/doge-treasury-access-marko-elez/
2025-02-10,Department of the Treasury,Treasury,Treasury named as defendant in new lawsuit American Federation of Teachers et al v. Bessent et al (D. Md.) (Case No 8:25-cv-00430),https://www.courtlistener.com/docket/69627648/american-federation-of-teachers-v-scott-bessent/
2025-02-10,Federal Aviation Administration,FAA,NOTAM has its name changed from Notice to Air Missions back to its original name of Notice to Airmen,https://www.faa.gov/about/initiatives/notam/what_is_a_notam
2025-02-10,Housing and Urban Development,HUD,Employees at HUD receive an email from Scott Langmack asking them to list every contract at HUD and whether it is critical and/or has DEI components,https://www.wired.com/story/doge-hud-systems-access-ai-proptech-real-estate-mobile-home/
2025-02-10,Office of Personnel Management,OPM,OPM named as defendant in new lawsuit American Federation of Teachers et al v. Bessent et al (D. Md.) (Case No 8:25-cv-00430),https://www.courtlistener.com/docket/69627648/american-federation-of-teachers-v-scott-bessent/
2025-02-10,Office of Personnel Management,OPM,OPM named as defendant in new lawsuit Electronic Privacy Information Center v. U.S. Office of Personnel Management (E.D.V.A.) (Case No 1:25-cv-00255),https://www.courtlistener.com/docket/69627950/electronic-privacy-information-center-v-us-office-of-personnel/
2025-02-10,Social Security Administration,SSA,"Mike Russo, DOGE chief of staff Steve Davis both demand that Akash Bobba be onboarded before midnight.",https://www.washingtonpost.com/documents/e08aeb0c-ec70-4235-91a0-290da92067b5.pdf?itid=lk_inline_manual_5
2025-02-10,Social Security Administration,SSA,"CIO Mike Russo convenes his own internal informational group in SSA, has conversations with other agencies about data sharing, does not inform acting SSA Director, Michelle King",https://www.washingtonpost.com/documents/e08aeb0c-ec70-4235-91a0-290da92067b5.pdf?itid=lk_inline_manual_5
2025-02-10,Social Security Administration,SSA,"Akash Bobba is rapidly trained and is granted access to anonymized and read-only ""sandbox"" NUMIDENT data for his purported fraud investigations",https://www.washingtonpost.com/documents/e08aeb0c-ec70-4235-91a0-290da92067b5.pdf?itid=lk_inline_manual_5
2025-02-10,State Department,State,Edward Coristine and Luke Farritor are posted to the State Department's Bureau of Diplomatic Technology,https://www.washingtonpost.com/business/2025/02/10/musk-doge-state-department-surrogate/
2025-02-11,Consumer Financial Protection Bureau,CFPB,CFPB Contracting Officers (COs) are ordered to terminate the vast majority of CFPB's contracts during that weekend,https://storage.courtlistener.com/recap/gov.uscourts.dcd.277287/gov.uscourts.dcd.277287.38.4.pdf
2025-02-11,Department of Education,ED,Department of Education agreed to block DOGE from access to financial aid systems,https://www.usatoday.com/story/news/politics/2025/02/11/education-dept-doge-musk-court-order/78429043007/
2025-02-11,Department of the Treasury,Treasury,Affadavit states Marko Elez was accidentally given edit access to BFS systems but did not use it,https://www.washingtonpost.com/business/2025/02/11/doge-treasury-access-marko-elez/
2025-02-11,Federal Emergency Management Agency,FEMA,"The CFO of FEMA, Mary Comans, was fired and her departure was announced in a press release",https://lawandcrime.com/high-profile/publicly-and-falsely-condemned-fired-fema-official-sues-trump-admin-for-unlawful-termination-and-prompting-smear-campaign-to-make-her-look-like-a-criminal/
2025-02-11,Office of Personnel Management,OPM,"OPM named as defendant in new lawsuit American Federation of Government Employees, et al. v. Office of Personnel Management et al (S.D.N.Y) (Case No 1:25-cv-01237)",https://www.courtlistener.com/docket/69631573/unknown-case-title/
2025-02-11,Office of Personnel Management,OPM,"OPM named as defendant in new lawsuit Nemeth-Greenleaf, et al. v. Office of Personnel Management, et al. (D.D.C.) (Case No 1:25-cv-00407)",https://www.courtlistener.com/docket/69629660/nemeth-greenleaf-v-united-states-office-of-personnel-management/
2025-02-11,US Digital Service/Department of Government Efficiency,USDS/DOGE,"Trump issues an executive order giving DOGE teams in every agency final approval on any hiring decisions, sets quota of 1 new hire for 4 departures",https://www.whitehouse.gov/presidential-actions/2025/02/implementing-the-presidents-department-of-government-efficiency-workforce-optimization-initiative/
2025-02-11,US Digital Service/Department of Government Efficiency,USDS/DOGE,USDS/DOGE named as defendant in new lawsuit American Oversight v. Department of Government Efficiency (D.D.C.) (Case No 1:25-cv-00409),https://www.courtlistener.com/docket/69630062/oversight-v-efficiency/
2025-02-12,Consumer Financial Protection Bureau,CFPB,"Adam Martinez, CFPB COO, includes DOGE representatives in emails hiring OPM for consulting on Reduction-in-Force planning for the CFPB",https://storage.courtlistener.com/recap/gov.uscourts.dcd.277287/gov.uscourts.dcd.277287.67.0_1.pdf
2025-02-12,Department of the Treasury,Treasury,Treasury named as defendant in new lawsuit Gribbon et al. v. Musk (D.D.C.) (Case No 1:25-cv-00422),https://www.courtlistener.com/docket/69635650/gribbon-v-musk/
2025-02-12,General Services Administration,GSA,Dozens of workers within the Technology Transformation Service (TTS) are fired.,https://www.wired.com/story/doge-access-consumer-financial-protection-bureau-data/
2025-02-12,Office of Personnel Management,OPM,OPM named as defendant in new lawsuit Gribbon et al. v. Musk (D.D.C.) (Case No 1:25-cv-00422),https://www.courtlistener.com/docket/69635650/gribbon-v-musk/
2025-02-12,US Digital Service/Department of Government Efficiency,USDS/DOGE,USDS/DOGE named as defendant in new lawsuit Gribbon et al. v. Musk (D.D.C.) (Case No 1:25-cv-00422),https://www.courtlistener.com/docket/69635650/gribbon-v-musk/
2025-02-13,Consumer Financial Protection Bureau,CFPB,Jordan Wick demands for mass termination notices to be sent to CFPB employees by February 14,https://storage.courtlistener.com/recap/gov.uscourts.dcd.277287/gov.uscourts.dcd.277287.38.2.pdf
2025-02-13,Department of Labor,DOL,DOGE is granted authorization to use file transfer software,https://www.nbcnews.com/tech/security/doge-software-approval-alarms-labor-department-employees-data-security-rcna191583
2025-02-13,Internal Revenue Service,IRS,Gavin Kliger arrives at the IRS to begin onboarding,https://www.wsj.com/politics/policy/doge-internal-revenue-service-9697cb99
2025-02-13,Social Security Administration,SSA,"According to a sworn declaration by a Deputy Commissioner at SSA, an unindentified DOGE staffer (Employee 1) is onboarded for ""duties currently relate to improper payments and SSA's Death Master File"" and they are also planning to detail him to the Small Business Administration",https://storage.courtlistener.com/recap/gov.uscourts.dcd.277150/gov.uscourts.dcd.277150.53.1.pdf
2025-02-13,US Digital Service/Department of Government Efficiency,USDS/DOGE,DOGE announces its website is now live with an organizational chart and tweets,https://xcancel.com/DOGE/status/1889897384122982604#m
2025-02-13,US Digital Service/Department of Government Efficiency,USDS/DOGE,USDS/DOGE named as defendant in new lawsuit J. Doe 1-26 v. Musk (D. Md) (Case No 8:25-cv-00462-TDC),https://www.courtlistener.com/docket/69636722/does-1-26-v-musk/
2025-02-13,US Digital Service/Department of Government Efficiency,USDS/DOGE,USDS/DOGE named as defendant in new lawsuit New Mexico et al v. Musk (D.D.C.) (Case No 1.25-cv-00429),https://www.courtlistener.com/docket/69638651/new-mexico-state-of-v-musk/
2025-02-14,Consumer Financial Protection Bureau,CFPB,The CFPB's social media accounts are deleted and videos are removed from its YouTube channel,https://www.theverge.com/news/613567/trump-youtube-videos-cfpb
2025-02-14,Department of Agriculture,USDA,"In a speech, Secretary of Agriculture says DOGE has been at the agency for ""a few weeks""",https://www.usda.gov/about-usda/news/press-releases/2025/02/14/secretary-rollins-delivers-opening-remarks-usda-headquarters
2025-02-14,Department of Education,ED,"After a conservative account complained to Musk on Twitter about gender options on the FAFSA form, it was changed the same day (a change was planned, but multiple contractors were called in to rush it)",https://www.nytimes.com/2025/02/26/us/politics/elon-musk-doge-x-accounts-activists.html
2025-02-14,Environmental Protection Agency,EPA,388 probabtionary employees are fired,https://www.eenews.net/articles/epa-pushes-out-almost-500-probationary-employees/
2025-02-14,National Aeronautics and Space Administration,NASA,"NASA administrator emails all staff to report that ""DOGE has arrived""",https://mynews13.com/fl/orlando/space/2025/02/18/doge-is-at-nasa
2025-02-14,National Institute of Standards and Technology,NIST,"NIST workers witness a handful people they suspect of being DOGE at NIST IT facilities in Gaithersburg, MD",https://www.wired.com/story/the-national-institute-of-standards-and-technology-braces-for-mass-firings/
2025-02-14,Social Security Administration,SSA,Leland Dudek is placed on administrative leave while under investigation that he committed inappropriate actions to help DOGE,https://www.washingtonpost.com/documents/e08aeb0c-ec70-4235-91a0-290da92067b5.pdf?itid=lk_inline_manual_5
2025-02-15,Department of Agriculture,USDA,USDA accidentally includes official working on H5N1 response in mass firings of probationary employees,https://www.nbcnews.com/politics/doge/usda-accidentally-fired-officials-bird-flu-rehire-rcna192716
2025-02-15,Social Security Administration,SSA,"Akash Bobba reports issue with the ""sandbox"" data. Russo demands he gets immediate full access to Enterprise Data Warehouse (EDW), Master Beneficiary Record (MBR) and Supplemental Security Record (SSR) files as well as source code",https://www.washingtonpost.com/documents/e08aeb0c-ec70-4235-91a0-290da92067b5.pdf?itid=lk_inline_manual_5
2025-02-15,Social Security Administration,SSA,Staff express concern to Acting Commissioner King that Bobba is accessing information remotely and in an insecure location (the OPM),https://www.washingtonpost.com/documents/e08aeb0c-ec70-4235-91a0-290da92067b5.pdf?itid=lk_inline_manual_5
2025-02-16,Federal Aviation Administration,FAA,4 SpaceX engineers were onboarded into the FAA under the Schedule A hiring authority for people with disabilities,https://www.wired.com/story/faa-doge-elon-musk-space-x/
2025-02-16,Internal Revenue Service,IRS,White House pressures the IRS to sign a MOU granting DOGE expanded access to internal systems,https://www.washingtonpost.com/business/2025/02/16/doge-irs-access-taxpayer-data/
2025-02-16,Social Security Administration,SSA,"The acting director of the Social Security Administration, Michelle King, receives an email from the White House that Dudek is now the Acting Commissioner.",https://www.washingtonpost.com/documents/e08aeb0c-ec70-4235-91a0-290da92067b5.pdf?itid=lk_inline_manual_5
2025-02-16,US Digital Service/Department of Government Efficiency,USDS/DOGE,Approximately 50 USDS staff are fired as part (removing approximately 1/3 of the USDS staff that predated DOGE),https://www.linkedin.com/posts/jonathankamens_around-50-us-digital-service-employees-activity-7296541591333203969-VCs2/
2025-02-17,Federal Aviation Administration,FAA,"The SpaceX engineers are granted ethics waivers and designated as Special Government Employees, but must recuse from decisions affecting SpaceX",https://www.bloomberg.com/news/features/2025-03-05/after-elon-musk-lands-at-faa-his-starlink-business-stands-to-gain-business
2025-02-17,Food and Drug Administration,FDA,The head of the medical device safety division is fired amid mass layoffs,https://www.statnews.com/2025/02/18/fda-trump-musk-doge-cuts-ross-segan-memo-medical-device-safety/
2025-02-17,Food and Drug Administration,FDA,The head of the agency's food safety division resigns because of 89 employees being indiscriminately fired,https://thehill.com/policy/healthcare/5152084-fdas-food-safety-head-resigns/
2025-02-17,Internal Revenue Service,IRS,White House official confirms one DOGE staffer will be working with an IRS employee to access IRS systems,https://www.politico.com/news/2025/02/17/elon-musk-doge-irs-00204579
2025-02-17,Internal Revenue Service,IRS,IRS named as defendant in new lawsuit Center for Taxpayer Rights v. IRS (D.D.C) (Case No 1:25-cv-00457),https://www.courtlistener.com/docket/69646607/center-for-taxpayer-rights-v-internal-revenue-service/
2025-02-17,Office of Personnel Management,OPM,"District Judge Randolph Moss dismisses the suit on the grounds that defendants lack standing or face irreparable injury""",https://storage.courtlistener.com/recap/gov.uscourts.dcd.276820/gov.uscourts.dcd.276820.1.0.pdf
2025-02-17,Securities and Exchange Commission,SEC,SEC staff report the imminent arrival of DOGE to to the agency,https://www.politico.com/news/2025/02/17/musk-doge-securities-exchange-commission-00204621
2025-02-17,US Digital Service/Department of Government Efficiency,USDS/DOGE,"In a filing in ""State of New Mexico v. Elon Musk,"" DOJ lawyers declare that Elon Musk is not the USDS Administrator, but just an advisor",https://storage.courtlistener.com/recap/gov.uscourts.dcd.277463/gov.uscourts.dcd.277463.24.0_1.pdf
2025-02-18,Consumer Financial Protection Bureau,CFPB,"An employee requests to repair the CFPB homepage deleted by DOGE, but that action is refused by order of Vought",https://storage.courtlistener.com/recap/gov.uscourts.dcd.277287/gov.uscourts.dcd.277287.38.6.pdf
2025-02-18,Department of Defense,DoD,Unidentified DOGE team has a kickoff meeting with DoD staff at the Pentagon,https://www.msn.com/en-us/money/companies/doge-meets-with-pentagon-officials-to-plan-cuts-at-the-biggest-u-s-department/ar-AA1zjgby
2025-02-18,Department of Defense,DoD,DoD agencies are ordered to provide lists of probationary employees to DOGE,https://www.washingtonpost.com/national-security/2025/02/18/pentagon-layoffs-musk-doge-trump/
2025-02-18,Department of Education,ED,A federal judge denied an attempt to block DOGE from accessing Department of Education systems related to financial aid,https://www.usatoday.com/story/news/education/2025/02/18/doge-student-data-education-department-judge-approves/79062995007/
2025-02-18,Federal Aviation Administration,FAA,"Malaska declares that SpaceX is the only company able to complete a communications network contract already awarded to Verizon, threatens to report anybody blocking his work to Musk",https://www.bloomberg.com/news/features/2025-03-05/after-elon-musk-lands-at-faa-his-starlink-business-stands-to-gain-business
2025-02-18,General Services Administration,GSA,A GSA employee resigned rather than give unrestricted admin access of Notify.gov to Thomas Shedd,https://www.404media.co/musk-ally-demands-admin-access-to-system-that-lets-government-text-the-public/
2025-02-18,Internal Revenue Service,IRS,Privacy advocates sue to stop DOGE acess to IRS systems,https://www.npr.org/2025/02/18/nx-s1-5300826/doge-irs-lawsuit-taxpayers-data
2025-02-18,Office of Personnel Management,OPM,"CNN reporter shares that a FOIA request about DOGE was replied to with ""they just fired the whole privacy team""",https://www.commondreams.org/news/cnn-foia-office-of-personnel-management
2025-02-18,Social Security Administration,SSA,"According to a sworn declaration by a Deputy Commissioner at SSA, ""we began onboarding and training Employee 3, a Schedule C Policy Advisor, detailed from the Department of Labor to SSA"" with it finalized on February 22. ""His duties currently relate to improper payments and SSA’s Death Master File.""
",https://storage.courtlistener.com/recap/gov.uscourts.dcd.277150/gov.uscourts.dcd.277150.53.1.pdf
2025-02-18,Social Security Administration,SSA,"According to a sworn declaration, ""SSA began onboarding and training Employee 5, an engineer, detailed from the United States DOGE Service to SSA"" with an inter-agency agreement to DOGE.",https://storage.courtlistener.com/recap/gov.uscourts.dcd.277150/gov.uscourts.dcd.277150.53.1.pdf
2025-02-18,Social Security Administration,SSA,"According to a sworn declaration, SSA ""began onboarding and training Employee 2, Senior Advisor (Program Specialist AD-0301-00). He is in the process of being detailed from National Aeronautics and Space Administration (NASA) to SSA.""",https://storage.courtlistener.com/recap/gov.uscourts.dcd.277150/gov.uscourts.dcd.277150.53.1.pdf
2025-02-19,Centers for Disease Control and Prevention,CDC,Staff at the CDC CIO's office report not being contacted by DOGE yet,https://www.theatlantic.com/technology/archive/2025/02/doge-god-mode-access/681719/
2025-02-19,Cybersecurity and Infrastructure Security Agency,CISA,Edward Coristine and Kyle Schutt are given access to CISA systems,https://www.wired.com/story/doge-cisa-coristine-cybersecurity/
2025-02-19,Department of the Treasury,Treasury,"Treasury Secretary Scott Bessent says only one person from DOGE is ""looking at an outdated IT system, that's all they're doing.""",https://www.bloomberg.com/news/articles/2025-02-19/bessent-says-doge-effort-has-saved-estimated-50-billion-so-far
2025-02-19,General Services Administration,GSA,Thomas Shedd has allegedly requested admin access to 19 different systems within TTS at GSA,https://www.theatlantic.com/technology/archive/2025/02/doge-god-mode-access/681719/
2025-02-19,National Aeronautics and Space Administration,NASA,"According to one agency employee, DOGE workers already have access to contracts, partnerships, performance reviews, classified national-security information, and satellite data, among other materials.",https://www.theatlantic.com/technology/archive/2025/02/doge-god-mode-access/681719/
2025-02-19,Social Security Administration,SSA,"According to a sworn declaration, ""Employee 10, a software engineer, was detailed from the Office of the Administrator at the General Services Administration to SSA"" (possibly Ehtan Shaotran)",https://storage.courtlistener.com/recap/gov.uscourts.dcd.277150/gov.uscourts.dcd.277150.53.1.pdf
2025-02-19,U.S. African Development Foundation,USADF,USADF board member Ward Brehm becomes aware that his agency is going to be targeted by DOGE for elimination,https://storage.courtlistener.com/recap/gov.uscourts.dcd.278118/gov.uscourts.dcd.278118.7.2.pdf
2025-02-19,US Digital Service/Department of Government Efficiency,USDS/DOGE,"Trump issues an Executive Order ""Commencing the Reduction of the Federal Bureaucracy"" targeting the Presidio Trust, the Inter-American Foundation, the United States African Development Foundation and the United States Institute of Peace for reductions.",https://www.whitehouse.gov/presidential-actions/2025/02/commencing-the-reduction-of-the-federal-bureaucracy/
2025-02-20,Cybersecurity and Infrastructure Security Agency,CISA,Division leaders at the Cybersecurity and Infrastructure Security Agency informed some senior CISA staffers that DOGE has access to internal emails and Microsoft Teams chats of employees.,https://www.nbcnews.com/politics/donald-trump/live-blog/trump-france-emmanuel-macron-white-house-ukraine-tariffs-live-updates-rcna193386#rcrd73638
2025-02-20,Department of Defense,DoD,Defense Secretary Hegseth releases a video stating that he met with DOGE about cuts to the agency and many of them are veterans,https://www.foxnews.com/politics/defense-sec-hegseth-working-doge-cut-bs
2025-02-20,Department of the Treasury,Treasury,"John York, a senior counselor to Bessent, wrote in a sworn statement that Ryan Wunderly would take over Marko Elez's work at the BFS",https://www.politico.com/news/2025/02/20/treasury-irs-data-white-house-doge-00205391
2025-02-20,Housing and Urban Development,HUD,"DOGE staff gains access to the HUD Enforcement Management System (HEMS), which contains information on victims of housing discrimination and domestic violence",https://www.propublica.org/article/doge-elon-musk-hud-housing-discrimination-privacy-domestic-violence
2025-02-20,Inter-American Foundation,IAF,"DOGE staff arrived at IAF HQ and were granted access to IT systems, as reported by IAF CEO Sara Aviel the following day",https://storage.courtlistener.com/recap/gov.uscourts.dcd.278118/gov.uscourts.dcd.278118.7.3.pdf
2025-02-20,Internal Revenue Service,IRS,The White House and Treasury Department come to an agreement about how DOGE access to IRS systems will be structured,https://www.politico.com/news/2025/02/20/treasury-irs-data-white-house-doge-00205391
2025-02-20,Internal Revenue Service,IRS,"In a court filing, Treasury says it is adding two more DOGE staffers focused on the IRS",https://www.politico.com/news/2025/02/20/treasury-irs-data-white-house-doge-00205391
2025-02-20,Social Security Administration,SSA,Several DOGE staffers at the agency are identified by Social Security Works (a nonprofit advocacy group) as also working at SSA,https://www.thehandbasket.co/p/leland-dudek-ssa-doge
2025-02-20,U.S. African Development Foundation,USADF,"Chris Young meets with USADF leadership at their HQ to ""introduce DOGE to the agency"" and that 2 engineers would be assigned there",https://storage.courtlistener.com/recap/gov.uscourts.dcd.278118/gov.uscourts.dcd.278118.7.3.pdf
2025-02-21,Department of Agriculture,USDA,USDA Secretary Rollins posts a photo of a grant-cancellation session with @DOGE_USDA,https://xcancel.com/SecRollins/status/1892777526704885880#m
2025-02-21,Inter-American Foundation,IAF,IAF CEO Sara Aviel confirms to a friend at USADF that DOGE plans to dismantle the agency,https://storage.courtlistener.com/recap/gov.uscourts.dcd.278118/gov.uscourts.dcd.278118.7.3.pdf
2025-02-21,Internal Revenue Service,IRS,"The Memorandum of Understanding (MOU) between the IRS and DOGE is signed, will not let DOGE access individual tax returns",https://www.nytimes.com/2025/02/21/us/politics/irs-doge-gavin-kliger.html
2025-02-21,Social Security Administration,SSA,"SSA named as defendant in new lawsuit American Federation of State, County and Municipal Employees, AFL-CIO v. Social Security Administration (D. Md.) (Case No 1:25-cv-00596)",https://www.courtlistener.com/docket/69664313/american-federation-of-state-county-and-municipal-employees-afl-cio-v/
2025-02-21,U.S. African Development Foundation,USADF,"Ethan Shaotran, Jacob Altik, and Nate Cavanaugh arrive at the agency and demand that a MOU must be signed for their detail assignment",https://storage.courtlistener.com/recap/gov.uscourts.dcd.278118/gov.uscourts.dcd.278118.7.3.pdf
2025-02-21,U.S. African Development Foundation,USADF,The MOU for DOGE's IT Modernization is between USADF and GSA and only covers the activities of Ethan Shaotran,https://storage.courtlistener.com/recap/gov.uscourts.dcd.278118/gov.uscourts.dcd.278118.7.6.pdf
2025-02-21,U.S. African Development Foundation,USADF,"Once MOU is signed, DOGE staff reveal their real purpose is to conduct a massive reduction in agency staff and scope and demand to file a RIF plan by 2/24",https://storage.courtlistener.com/recap/gov.uscourts.dcd.278118/gov.uscourts.dcd.278118.7.3.pdf
2025-02-21,U.S. African Development Foundation,USADF,Nate Canaugh and Jacob Altik then demanded immediate access to USADF systems including financial records and payment and human resources systems. They were told they had to go through standard clearance process.,https://storage.courtlistener.com/recap/gov.uscourts.dcd.278118/gov.uscourts.dcd.278118.7.3.pdf
2025-02-21,U.S. African Development Foundation,USADF,"Jacob Altik demands waivers to exempt DOGE staff from background checks, threatens to fire USADF board if demands are not materials.",https://storage.courtlistener.com/recap/gov.uscourts.dcd.278118/gov.uscourts.dcd.278118.7.3.pdf
2025-02-21,U.S. African Development Foundation,USADF,USADF general cousel revokes their participation in the MOU based on it being under false pretenses,https://storage.courtlistener.com/recap/gov.uscourts.dcd.278118/gov.uscourts.dcd.278118.7.3.pdf
2025-02-21,US Digital Service/Department of Government Efficiency,USDS/DOGE,"USDS/DOGE named as defendant in new lawsuit Project on Government Oversight, Inc. v. Trump (D.D.C) (Case No 1:25-cv-00527)",https://www.courtlistener.com/docket/69661712/project-on-government-oversight-inc-v-trump/
2025-02-23,Inter-American Foundation,IAF,Sara Aviel is dismissed as the CEO of the IAF,https://storage.courtlistener.com/recap/gov.uscourts.dcd.278118/gov.uscourts.dcd.278118.7.3.pdf
2025-02-24,Department of Education,ED,"In a ruling, a judge declared ""DOGE affiliates have been granted access to systems of record that contain some of the plaintiffs’ most sensitive data — Social Security numbers, dates of birth, home addresses, income and assets, citizenship status, and disability status — and their access to this trove of personal information is ongoing""",https://www.nbcnews.com/politics/doge/judge-blocks-department-education-federal-personnel-office-sharing-dat-rcna193453
2025-02-24,Department of Education,ED,"A court ruling names the systems NSLDS, COD, FAS and FMS as being accessed by DOGE",https://storage.courtlistener.com/recap/gov.uscourts.mdd.576070/gov.uscourts.mdd.576070.38.0.pdf
2025-02-24,National Institute of Health,NIH,"Reports that DOGE have accounts are working with the NIH Business System Department for NIH’s central electronic business system, which includes finance, budget, procurement, a property-management system, and a grant-tracking system",https://www.wired.com/story/doge-is-inside-the-national-institutes-of-health-nih/
2025-02-24,Office of Personnel Management,OPM,"After Elon Musk threatens on X that employees must complete a list of 5 accomplishments and send it to OPM or risk termination, OPM sends out an email requesting that list (without the threat) to every government employee. Widespread confusion occurs at many agenices.",https://fedscoop.com/agencies-take-cautious-approaches-to-opm-email-asking-for-list-of-accomplishments/
2025-02-24,U.S. African Development Foundation,USADF,USADF president/CEO Ward Brehm receives an email from Trent Morse in the White House Personnel Office notifying him that he is removed from tbe board.,https://storage.courtlistener.com/recap/gov.uscourts.dcd.278118/gov.uscourts.dcd.278118.7.3.pdf
2025-02-24,US Digital Service/Department of Government Efficiency,USDS/DOGE,"In a hearing for ""Alliance for Retired Americans v. Bessent,"" Judge Kollar-Kotelly repeatedly grills DOJ lawyers on who the USDS Administrator is",https://www.lawfaremedia.org/article/who-is-running-the-u.s.-doge-service
2025-02-25,General Services Administration,GSA,"GSA reportedly spending $25,000 to install a washer and dryer near a makeshift sleeping area occupied by DOGE",https://timesofindia.indiatimes.com/world/us/doges-controversial-office-culture-ikea-beds-and-secret-sleeping-spaces-among-federal-staff/articleshow/118782925.cms
2025-02-25,Internal Revenue Service,IRS,The Post reports that DOGE is being granted access to only anonymized data from IDRS,https://www.washingtonpost.com/business/2025/02/25/elon-musk-doge-data-privacy-security/
2025-02-25,Office of Personnel Management,OPM,DOGE engineer Ricardo Biasini is reported to be working on updating software to automate Reduction-in-Force (RIF) processes,https://www.wired.com/story/doge-autorif-mass-firing-government-workers/
2025-02-25,US Digital Service/Department of Government Efficiency,USDS/DOGE,21 remaining USDS staff publicly resign in protest of DOGE's actions,https://apnews.com/article/doge-elon-musk-federal-government-resignations-usds-6b7e9b7022e6d89d69305e9510f2a43c
2025-02-25,US Digital Service/Department of Government Efficiency,USDS/DOGE,DOGE announces they have launched the feature on their website showing contract cancellations (many of these savings are later shown to be wildly erroneous),https://xcancel.com/DOGE/status/1896948512975433787
2025-02-26,Department of Homeland Security,DHS,Republican lawmakers on the U.S. House Committee on Homeland Security unanimously opposed a resolution of inquiry into DOGE activities at DHS,https://www.bankinfosecurity.com/house-committee-blocks-probe-into-doge-access-to-dhs-systems-a-27608
2025-02-26,Housing and Urban Development,HUD,Wired reports that DOGE staff were given read-only access to some systems and read-write access to payment systems within HUD as well as the centralized authorization system that grants access to other systems (date unknown),https://www.wired.com/story/doge-hud-systems-access-ai-proptech-real-estate-mobile-home/
2025-02-26,Social Security Administration,SSA,"According to a sworn declaration, ""employee 8, an engineer, was detailed from Office of Personnel Management to SSA. His duties currently relate to improper payments and death data.""",https://storage.courtlistener.com/recap/gov.uscourts.dcd.277150/gov.uscourts.dcd.277150.53.1.pdf
2025-02-26,US Digital Service/Department of Government Efficiency,USDS/DOGE,Trump issues an executive order mandating that DOGE teams will have approval over awarding any contract at any agency and freezes purchase cards for 90 days,https://www.whitehouse.gov/presidential-actions/2025/02/implementing-the-presidents-department-of-government-efficiency-cost-efficiency-initiative/
2025-02-26,US Digital Service/Department of Government Efficiency,USDS/DOGE,"After days of sustained questioning about who the USDS Administrator is, the White House gives the name of Amy Gleason. It is unclear how long she had been in the role.",https://www.npr.org/2025/02/26/nx-s1-5310634/amy-gleason-doge-administrator
2025-02-27,General Services Administration,GSA,"Thomas Shedd, an engineer who has worked 8 years at Tesla, is named the head of GSA's Technology Transformation Services (TTS)",https://executivegov.com/2025/01/gsa-jan-2025-leadership-appointments-fas-pbs-tts/#Thomas_Shedd
2025-02-27,Social Security Administration,SSA,"According to a sworn declaration, ""Employees 4, 6, and 9 were each appointed as an expert, special government employee""",https://storage.courtlistener.com/recap/gov.uscourts.dcd.277150/gov.uscourts.dcd.277150.53.1.pdf
2025-02-27,US Digital Service/Department of Government Efficiency,USDS/DOGE,U.S. District Judge John Bates orders that some DOGE officials should be required to testify under oath,https://www.politico.com/news/2025/02/27/doge-depositions-union-lawsuits-00206542
2025-02-28,Inter-American Foundation,IAF,"Peter Marocco arrives at IAF after most staff had left, holds an impromptu board meeting with himself only, declares himself President/CEO of IAF",https://storage.courtlistener.com/recap/gov.uscourts.dcd.278118/gov.uscourts.dcd.278118.7.3.pdf
2025-02-28,Internal Revenue Service,IRS,"Gavin Kliger and Sam Corcos, DOGE representatives embedded at the tax agency, on Friday asked IRS lawyers to assist in creating an “omnibus” agreement with other federal agencies that would allow a broad swath of federal officials to cross-reference benefits rolls with taxpayer data",https://www.washingtonpost.com/business/2025/03/01/doge-irs-tax-records-benefits/
2025-02-28,Office of Personnel Management,OPM,OPM amends the Privacy Impact Assessment for its Government-Wide Email System (GWES) to remove declarations that responses are voluntary.,https://fedscoop.com/opm-email-privacy-assessment-swap-ongoing-litigation/
2025-02-28,U.S. African Development Foundation,USADF,"USADF Managing Director of Finance Mathieu Zahui receives an email from Trent Morse informing him the USADF is ""boardless"" and naming Peter Marocco as acting chair. Zahui informs them appointment would require senate confirmation first.",https://storage.courtlistener.com/recap/gov.uscourts.dcd.278118/gov.uscourts.dcd.278118.7.3.pdf
2025-03-01,General Services Administration,GSA,TTS administrator Thomas Shedd eliminates 90 members of 18F with a 1am firing email and locks them out of their machines,https://www.nextgov.com/people/2025/03/gsa-eliminates-18f/403400/
2025-03-01,General Services Administration,GSA,"Hours after the staff is hit with the RIF email, the DNS entry for 18F.gsa.gov is removed",https://18f.gsa.gov/
2025-03-01,Office of Personnel Management,OPM,All government employees receive a second email telling them they must list their accomplishments every Monday by 11:59pm,https://www.npr.org/2025/03/01/g-s1-51490/federal-workers-new-email-accomplishments
2025-03-01,Social Security Administration,SSA,"In an email to staff, Dudek explains the disruptions by saying ""elections have consequences""",https://www.propublica.org/article/recording-reveals-leland-dudek-thoughts-trump-doge-social-security
2025-03-03,Department of the Interior,DOI,DOI named as defendant in new lawsuit Center for Biological Diversity v. U.S. Department of Interior (D.D.C.) (Case No 1:25-cv-00612),https://www.courtlistener.com/docket/69698261/center-for-biological-diversity-v-us-department-of-interior/
2025-03-03,Health and Human Services,HHS,"DOGE staff attempt to access ""a system within a broader government database created to help enforce child support payments, which pulls a vast trove of information, including income data linked to nearly all workers""",https://www.washingtonpost.com/business/2025/03/06/doge-hhs-ssa-data/
2025-03-03,Internal Revenue Service,IRS,"The head of HR, Traci DiMartini, is placed on administrative leave for refusing to bring in employees over the weekend to onboard Sam Corcos",https://newrepublic.com/post/192478/irs-chief-revenge-fired-doge
2025-03-03,U.S. African Development Foundation,USADF,USADF board member Ward Brehm is elected by the board as President/CEO of USADF,https://storage.courtlistener.com/recap/gov.uscourts.dcd.278118/gov.uscourts.dcd.278118.7.2.pdf
2025-03-04,Department of the Interior,DOI,DOGE boasts in a tweet that 27% more water was released in February compared to January (unclear if this adjusts for different lengths of months),https://xcancel.com/DOGE/status/1896948512975433787
2025-03-04,Federal Emergency Management Agency,FEMA,FEMA named as defendant in new lawsuit Comans v. Department of Homeland Security (D.D.C.) (Case No 1:25-cv-00624),https://www.courtlistener.com/docket/69702272/comans-v-department-of-homeland-security/
2025-03-04,General Services Administration,GSA,"Wired reports that some DOGE staff (Kyle Schutt, Nate Cavanaugh) are being paid in the GSA, but others are listed as volunteers for that agency",https://www.wired.com/story/doge-government-salaries-elon-musk/
2025-03-04,Health and Human Services,HHS,Amy Gleason (purported head of DOGE) is formally onboarded at HHS as a Senior Advisor and swears the oath of office,https://storage.courtlistener.com/recap/gov.uscourts.dcd.277150/gov.uscourts.dcd.277150.65.1_1.pdf
2025-03-04,Health and Human Services,HHS,Brad Smith is formally onboarded at HHS as a Senior Advisor and swears the oath of office,https://storage.courtlistener.com/recap/gov.uscourts.dcd.277150/gov.uscourts.dcd.277150.65.3.pdf
2025-03-04,Inter-American Foundation,IAF,"Peter Marocco announces himself to staff as President/CEO, begins dismantling all contracts, places all staff on administrative leave for 30 days",https://storage.courtlistener.com/recap/gov.uscourts.dcd.278118/gov.uscourts.dcd.278118.7.3.pdf
2025-03-04,Inter-American Foundation,IAF,DOGE brags on its X account that the IAF has been reduced to a single employee,https://xcancel.com/DOGE/status/1897023739960680843
2025-03-04,Social Security Administration,SSA,"In a meeting, Dudek stresses again that DOGE will make mistakes and also admits ""I am receiving decisions that are made without my input. I have to effectuate those decisions,"" suggesting DOGE is in charge.",https://www.washingtonpost.com/politics/2025/03/06/doge-is-driving-social-security-cuts-will-make-mistakes-acting-head-says-privately/
2025-03-04,U.S. African Development Foundation,USADF,USADF CFO Mathieu Zahui receives an email from Nate Cavanaugh informing him that Peter Marocco would be coming to the office the following day as Chairman of the Board,https://storage.courtlistener.com/recap/gov.uscourts.dcd.278118/gov.uscourts.dcd.278118.7.2.pdf
2025-03-05,Consumer Financial Protection Bureau,CFPB,Jordan Wick is formally onboarded as an employee of the CFPB (and not a DOGE detailee) and swears the Oath of Office,https://storage.courtlistener.com/recap/gov.uscourts.dcd.277150/gov.uscourts.dcd.277150.65.2.pdf
2025-03-05,Department of Labor,DOL,"Business Insider reports Marko Elez, Aram Moghaddassi, and Miles B. Collins are new DOGE arrivals at Department of Labor",https://www.businessinsider.com/doge-staffer-fertility-clinic-pronatalist-department-of-labor
2025-03-05,Social Security Administration,SSA,"According to a sworn declaration, ""the agency began onboarding Employee 7, as a detailee from Department of Labor (DOL) to SSA.""",https://storage.courtlistener.com/recap/gov.uscourts.dcd.277150/gov.uscourts.dcd.277150.53.1.pdf
2025-03-05,U.S. African Development Foundation,USADF,Nate Cavanaugh sends Ward Brehm an email demanding to know by what authority he is the President/CFO of USADF,https://storage.courtlistener.com/recap/gov.uscourts.dcd.278118/gov.uscourts.dcd.278118.7.2.pdf
2025-03-05,U.S. African Development Foundation,USADF,Jacob Altik and Ethan Shaotran are rebuffed by agency leadership when attempting to enter the agency,https://www.thedailybeast.com/elon-musks-doge-goons-in-tense-standoff-video-unmasked/
2025-03-05,US Digital Service/Department of Government Efficiency,USDS/DOGE,"From this date, detailing arrangements for DOGE staff are between the target agency and other agencies hiring DOGE staff, according to a declaration made by DOGE in AFL-CIO et al vs. Department of Labor",https://storage.courtlistener.com/recap/gov.uscourts.dcd.277150/gov.uscourts.dcd.277150.51.1.pdf
2025-03-05,US Digital Service/Department of Government Efficiency,USDS/DOGE,USDS/DOGE named as defendant in new lawsuit Japanese American Citizens League v. Musk (D.D.C.) (Case No 1:25-cv-00643),https://www.courtlistener.com/docket/69706944/japanese-american-citizens-league-v-musk/
2025-03-06,General Services Administration,GSA,Thomas Shedd says in a statement that he expects TTS will be 50% smaller within weeks,https://www.theatlantic.com/technology/archive/2025/03/gsa-chat-doge-ai/681987/
2025-03-06,U.S. African Development Foundation,USADF,DOGE staff Jacob Altik and Ethan Shaotran return joined by Nate Cavanaugh with US marshals to force entry to the agency,https://www.thedailybeast.com/elon-musks-doge-goons-in-tense-standoff-video-unmasked/
2025-03-07,Department of Education,ED,ED named as defendant in new lawsuit Democracy Forward Foundation v. U.S. Department of the Treasury (D.D.C.) (Case No 1:25-cv-00684),https://www.courtlistener.com/docket/69715653/democracy-forward-foundation-v-us-department-of-the-treasury/
2025-03-07,Department of the Treasury,Treasury,Treasury named as defendant in new lawsuit Centro de Trabajadores Unidos v. Bessent (D.D.C) (Case No 1:25-cv-00677),https://www.courtlistener.com/docket/69714586/centro-de-trabajadores-unidos-v-bessent/
2025-03-07,Department of the Treasury,Treasury,Treasury named as defendant in new lawsuit Democracy Forward Foundation v. U.S. Department of the Treasury (D.D.C.) (Case No 1:25-cv-00684),https://www.courtlistener.com/docket/69715653/democracy-forward-foundation-v-us-department-of-the-treasury/
2025-03-07,General Services Administration,GSA,DOGE rolls out a custom GSAi custom chatbot to 1500 workers,https://www.wired.com/story/gsai-chatbot-1500-federal-workers/
2025-03-07,Small Business Administration,SBA,SBA named as defendant in new lawsuit Democracy Forward Foundation v. U.S. Department of the Treasury (D.D.C.) (Case No 1:25-cv-00684),https://www.courtlistener.com/docket/69715653/democracy-forward-foundation-v-us-department-of-the-treasury/
2025-03-08,Health and Human Services,HHS,"DOGE staff are granted access to NDNH and objecting federal staff are ""no longer with the agency""",https://www.washingtonpost.com/business/2025/03/08/hhs-doge-child-support
2025-03-10,Inter-American Foundation,IAF,The Trump Administration nominates Kenneth Jackson and Russell Vought to be on the board of the IAF,https://www.senate.gov/legislative/LIS/executive_calendar/xcalv.pdf
2025-03-10,U.S. African Development Foundation,USADF,Trump admin nominates Laken Rapier and Russell Vought to be on the board of the USADF,https://www.senate.gov/legislative/LIS/executive_calendar/xcalv.pdf
2025-03-10,US Digital Service/Department of Government Efficiency,USDS/DOGE,U.S. District Judge Christopher Cooper demands a rolling production of DOGE to produce documents in discovery within weeks,https://www.politico.com/news/2025/03/10/judge-orders-doge-record-release-00223151
2025-03-11,Department of Homeland Security,DHS,"New CIO Antoine McCord arrives at DHS, reportedly with affiliates of DOGE",https://www.nextgov.com/people/2025/03/dhs-taps-antoine-mccord-top-tech-post/403727/?oref=ng-homepage-river
2025-03-12,National Security Agency,NSA,"Elon Musk visits the NSA to meet with its top administrator, General Timothy Haugh",https://www.wsj.com/politics/national-security/elon-musk-made-secret-visit-to-u-s-spy-agency-9b0b64e2?mod=hp_lead_pos5
2025-03-12,Social Security Administration,SSA,"In a sworn declaration, Florence Felix-Lawson notes ""the SSA DOGE Team currently consists of ten SSA employees: four SSA special government employees (Employees 1, 4, 6, and 9) and six detailees to SSA from other government agencies and offices (Employees 2, 3, 5, 7, 8, and 10)""
",https://storage.courtlistener.com/recap/gov.uscourts.dcd.277150/gov.uscourts.dcd.277150.53.1.pdf
2025-03-12,Social Security Administration,SSA,"Multiple SSA employees told ProPublica, their tech systems seem to be crashing nearly every day, leading to more delays in serving beneficiaries.",https://www.propublica.org/article/recording-reveals-leland-dudek-thoughts-trump-doge-social-security
2025-03-12,US Digital Service/Department of Government Efficiency,USDS/DOGE,US District Judge Tanya Chutkan issues an order giving DOGE and Elon Musk three weeks to comply with document discovery requests about its staffing and downsizing plans for agencies,https://www.politico.com/news/2025/03/12/elon-musk-judge-orders-discovery-00227924
2025-03-13,Department of Education,ED,ED named as defendant in new lawsuit State of New York v. McMahon (D.Mass) (Case No 1:25-cv-10601),https://www.courtlistener.com/docket/69732750/state-of-new-york-v-mcmahon/
2025-03-13,Health and Human Services,HHS,"As later reported in a declaration in AFL-CIO et al. vs. Department of Labor, HHS employee Mark Samburg finds DOGE staff at the agency listed in an online directory as Executive Engineers (and Rachel Riley as a Senior Advisor)",https://storage.courtlistener.com/recap/gov.uscourts.dcd.277150/gov.uscourts.dcd.277150.53.4.pdf
2025-03-13,Internal Revenue Service,IRS,"The acting chief counsel of the IRS, William Paul, is removed from his role and replaced by Andrew De Mello, who is seen as more supportive of DOGE's work at the agency",https://www.cbsnews.com/news/andrew-de-mello-irs-william-paul-doge-trump/
2025-03-13,Social Security Administration,SSA,"Wired reports that 10 DOGE staffer – Akash Bobba, Scott Coulter, Marko Elez, Luke Farritor, Antonio Gracias, Gautier Cole Killian, Jon Koval, Nikhil Rajpal, Payton Rehling, and Ethan Shaotran – are showing up in the Microsoft Teams directory at SSA",https://www.wired.com/story/doge-operatives-access-social-security-administration/
2025-03-14,Department of Education,ED,ProPublica reports Connor Fennessy is active at the Department of Education as a Senior Advisor,https://projects.propublica.org/elon-musk-doge-tracker/#Conor-Fennessy
2025-03-14,National Aeronautics and Space Administration,NASA,"ProPublica reports that Scott Coulter has ""wide access to internal databases at NASA""",https://projects.propublica.org/elon-musk-doge-tracker/#Scott-Coulter
2025-03-14,National Aeronautics and Space Administration,NASA,A Business Insider article reports that Alexander Simonpour has shown up at NASA and also has a GSA address. Riley Sennott and Scott Coulter also are listed,https://www.businessinsider.com/tesla-employee-alexander-simonpour-nasa-doge-team-2025-3
2025-03-18,Office of Personnel Management,OPM,"A lawyer for the plaintiffs accuses the DOJ of misrepresenting Altik's participation ""perhaps to preserve the illusion that OPM’s counsel were ignorant of what OPM was doing with the Government-Wide Email System, or perhaps to obscure the role of DOGE and the White House in this case.""",https://fedscoop.com/doge-lawyer-opm-email-lawsuit-jacob-altik/
2025-03-18,US Digital Service/Department of Government Efficiency,USDS/DOGE,"In a ruling in J. Doe 1-26 v. Musk (D. Md), Judge Theodore D. Chuang declares that evidence shows that Elon Musk was effectively running DOGE without being appointed to the role",https://assets.bwbx.io/documents/users/iqjWHBFdfxIU/rZttxcbH9cfc/v0
